track id,track name,artist,danceability,energy,key,loudness,mode,speechiness,acousticness,instrumentalness,liveness,valence,tempo
3fH4KjXFYMmljxrcGrbPj9,Don't You (Forget About Me),Simple Minds,0.66,0.816,2.0,-6.61,1.0,0.0299,0.168,0.0181,0.0608,0.678,111.346
4RvWPyQ5RL0ao9LPZeSouE,Everybody Wants To Rule The World,Tears For Fears,0.645,0.795,7.0,-12.095,1.0,0.0527,0.347,0.00389,0.104,0.535,112.067
58E1XVmZTODC67YNjneuXM,Tainted Love,Soft Cell,0.542,0.45,7.0,-9.931,0.0,0.0361,0.558,6.43e-06,0.579,0.626,144.437
2HuHopKnnuGQEpGb0CssCs,Hungry Like the Wolf,Duran Duran,0.654,0.903,0.0,-5.252,1.0,0.0798,0.0222,0.0,0.241,0.607,129.442
1QbQL5m30YNvukitIqAnFG,Sunglasses At Night,Corey Hart,0.686,0.609,10.0,-11.469,0.0,0.0444,0.258,0.00015,0.113,0.719,127.736
0HEmnAUT8PHznIAAmVXqFJ,Faith - Remastered,George Michael,0.887,0.48,11.0,-11.994,1.0,0.117,0.0094,3.58e-05,0.0662,0.607,95.846
5dRQUolXAVX3BbCiIxmSsf,Your Love,The Outfield,0.555,0.757,1.0,-7.868,0.0,0.0601,0.103,1.16e-06,0.0631,0.582,129.607
3L7RtEcu1Hw3OXrpnthngx,Don't You Want Me,The Human League,0.731,0.738,9.0,-8.125,0.0,0.0377,0.184,0.0,0.214,0.958,117.656
4v2rkl1mC3zVAz0nXMx9r4,Heart Of Glass,Blondie,0.77,0.654,4.0,-6.108,1.0,0.0361,0.0539,0.00047,0.0819,0.685,114.82
6J2rMSRhgb4HuX6dWgM3nJ,I Melt with You,Modern English,0.541,0.81,0.0,-11.745,1.0,0.0367,0.000975,0.00158,0.0681,0.647,155.582
756CJtQRFSxEx9jV4P9hpA,I Believe in a Thing Called Love,The Darkness,0.442,0.846,4.0,-5.214,1.0,0.0764,0.0538,4.71e-06,0.282,0.622,128.235
252YuUdUaC5OojaBU0H1CP,Come A Little Bit Closer,Jay & The Americans,0.636,0.684,3.0,-9.302,1.0,0.057,0.52,0.0015,0.534,0.881,132.509
2BY7ALEWdloFHgQZG6VMLA,Brandy (You're a Fine Girl),Looking Glass,0.716,0.625,1.0,-11.369,0.0,0.0601,0.396,1.97e-05,0.134,0.826,125.276
66gG8RzSA2sVQwME8e43wX,Fox On The Run,Sweet,0.523,0.762,4.0,-8.669,1.0,0.0346,0.0308,0.0,0.0675,0.881,128.064
4ZoBC5MhSEzuknIgAkBaoT,My Life,Billy Joel,0.741,0.647,2.0,-12.878,1.0,0.0427,0.108,0.00139,0.0555,0.804,131.097
7BvuV4c1BGhaRapcXvRu5z,You Might Think,The Cars,0.71,0.774,2.0,-9.335,1.0,0.0333,0.141,0.0136,0.0348,0.966,133.924
48O0GrGJWml3DzHhC5sJ7a,Karma Chameleon,Culture Club,0.676,0.577,10.0,-12.031,1.0,0.0365,0.186,0.0,0.148,0.934,91.98
3tSi6iFO9yLGIYIqMEgjC9,I Want You Back,The Jackson 5,0.67,0.584,8.0,-8.325,1.0,0.034,0.439,0.00614,0.178,0.944,98.185
6dGnYIeXmHdcikdzNNDMm2,Here Comes The Sun - Remastered 2009,The Beatles,0.557,0.54,9.0,-10.484,1.0,0.0347,0.0339,0.00248,0.179,0.394,129.171
7HX9f8AMBl0vQxAoAzLqhS,You Make My Dreams (Come True) - Remastered,Daryl Hall & John Oates,0.749,0.484,5.0,-9.944,1.0,0.0484,0.13,0.137,0.0486,0.939,167.084
3ZZq9396zv8pcn5GYVhxUi,Down Under,Men At Work,0.739,0.459,11.0,-14.42,0.0,0.0294,0.129,0.0194,0.0474,0.892,107.115
6hs3SDnbO3f6VQuPO4KBEb,Send Me on My Way,Rusted Root,0.5,0.681,0.0,-9.556,1.0,0.0672,0.114,4.01e-05,0.139,0.745,119.46
28wGX1hoLCRbBZbEqITvE3,Ain't No Mountain High Enough - Stereo Version,Marvin Gaye,0.677,0.693,11.0,-7.561,0.0,0.0343,0.437,0.0,0.405,0.755,130.013
6t6oULCRS6hnI7rm0h5gwl,Some Nights,fun.,0.672,0.738,0.0,-7.045,1.0,0.0506,0.0178,6.75e-05,0.0927,0.392,107.938
4TBBPZks71c60whhq0PgdP,(Your Love Keeps Lifting Me) Higher & Higher,Jackie Wilson,0.631,0.69,2.0,-6.676,1.0,0.0531,0.176,0.0,0.121,0.938,94.574
05wIrZSwuaVWhcv5FfqeH0,Walking On Sunshine,Katrina & The Waves,0.596,0.869,10.0,-11.97,1.0,0.037,0.0116,0.173,0.0678,0.944,109.902
7ePFDzrnLt3Ynqgy2UFWri,"December, 1963 (Oh What a Night!)",Frankie Valli & The Four Seasons,0.727,0.588,1.0,-9.568,1.0,0.0253,0.058,5.46e-06,0.0414,0.964,104.413
6ZapsNk1ZpaebNXAIohP9R,Home,Edward Sharpe & The Magnetic Zeros,0.542,0.589,2.0,-6.623,1.0,0.0318,0.292,0.000522,0.177,0.137,111.665
5E3P9e1hvjyIOlFyqNB5eD,Rich Girl - Remastered,Daryl Hall & John Oates,0.597,0.643,5.0,-6.303,1.0,0.134,0.5,0.0,0.0435,0.823,167.963
2374M0fQpWi3dLnB54qaLX,Africa,TOTO,0.671,0.373,9.0,-18.064,1.0,0.0323,0.257,7.95e-05,0.0481,0.732,92.717
4dwrL3Z5U2RZ6MZiKE2PgL,Superstition,Stevie Wonder,0.648,0.751,8.0,-8.582,1.0,0.0806,0.0182,0.000401,0.0418,0.863,100.437
7b4yGtR0rujvLi5EBfKKJ2,Take Me Home Tonight,Eddie Money,0.608,0.768,1.0,-9.911,1.0,0.0364,0.101,1.41e-06,0.0942,0.748,132.699
2nGFzvICaeEWjIrBrL2RAx,Put Your Records On,Corinne Bailey Rae,0.739,0.511,9.0,-7.844,1.0,0.0362,0.167,1.34e-06,0.133,0.542,96.038
0Y2SrByf4G3kbq2nBEHQRn,Spirit in the Sky,Norman Greenbaum,0.601,0.643,2.0,-5.828,1.0,0.0314,0.112,0.00209,0.088,0.552,128.262
0iOZM63lendWRTTeKhZBSC,"Mrs. Robinson - From ""The Graduate"" Soundtrack",Simon & Garfunkel,0.606,0.457,6.0,-14.035,0.0,0.0497,0.713,2.53e-05,0.0747,0.813,92.033
7GVUmCP00eSsqc4tzj1sDD,Come and Get Your Love - Single Version,Redbone,0.731,0.804,11.0,-7.621,0.0,0.0473,0.172,0.00028,0.0685,0.957,107.383
4YUlGNZfYA6EUE5KDsGqpC,You Can't Hurry Love,Phil Collins,0.639,0.923,7.0,-5.708,1.0,0.032,0.0674,0.0,0.0879,0.761,97.874
0PDCewmZCp0P5s00bptcdd,This Will Be (An Everlasting Love),Natalie Cole,0.685,0.623,8.0,-11.146,1.0,0.042,0.228,0.00234,0.0295,0.896,126.739
1aj4GXfmEYXfdVZohCpNKu,Stand by Me,Otis Redding,0.883,0.464,10.0,-11.251,1.0,0.0591,0.279,1.51e-05,0.0744,0.925,111.548
11IzgLRXV7Cgek3tEgGgjw,Under Pressure - Remastered,Queen,0.671,0.711,2.0,-7.813,1.0,0.0478,0.422,0.0,0.104,0.466,113.809
5uzNa0SBGOe5pPnstWHMCt,Come On Eileen,Dexys Midnight Runners,0.466,0.615,0.0,-9.102,1.0,0.0492,0.413,0.0,0.343,0.812,108.016
69Qa7czzqraPWZgxpQN405,You Can't Hurry Love,The Supremes,0.617,0.81,10.0,-6.513,1.0,0.0798,0.762,0.0,0.134,0.65,97.389
2jg4Yc8071puvDRYi22B3a,"Signed, Sealed, Delivered (I'm Yours)",Stevie Wonder,0.646,0.784,5.0,-6.137,1.0,0.0334,0.00495,0.0,0.061,0.819,108.84
3LmpQiFNgFCnvAnhhvKUyI,Stayin' Alive - Remastered Version,Bee Gees,0.675,0.899,10.0,-6.124,0.0,0.0418,0.0696,0.000139,0.33,0.91,103.683
1EzrEOXmMH3G43AXT1y7pA,I'm Yours,Jason Mraz,0.686,0.457,11.0,-8.322,1.0,0.0468,0.595,0.0,0.105,0.718,150.953
3aSWQJcWnnqgwYbAgidvlV,"I Can't Help Myself (Sugar Pie, Honey Bunch)",Four Tops,0.686,0.714,0.0,-4.809,1.0,0.0287,0.204,0.0,0.0592,0.964,126.736
6jWkZvd1URGktyTTwcpPpB,My Girl,The Temptations,0.579,0.419,0.0,-10.72,1.0,0.0346,0.625,0.0,0.0981,0.673,104.564
5YbgcwHjQhdT1BYQ4rxWlD,Don't Worry Be Happy,Bobby McFerrin,0.681,0.163,11.0,-22.597,1.0,0.165,0.881,7.62e-05,0.0688,0.771,69.283
7hQJA50XrCWABAu5v6QZ4i,Don't Stop Me Now - 2011 Mix,Queen,0.563,0.865,5.0,-5.277,1.0,0.16,0.0472,0.000191,0.77,0.601,156.271
3298yRJKPcCndQdNiTZKIo,Sweet Caroline,Neil Diamond,0.538,0.127,11.0,-16.057,1.0,0.0284,0.589,0.00017,0.238,0.527,62.829
6NdcSEhpGGAYXNnnhGS2s6,What I Like About You,The Romantics,0.542,0.915,9.0,-9.637,1.0,0.0549,0.319,5.34e-05,0.171,0.92,159.81
4xh7W7tlNMIczFhupCPniY,Go Your Own Way - 2004 Remaster,Fleetwood Mac,0.586,0.941,5.0,-5.139,1.0,0.0375,0.0167,0.000776,0.068,0.831,135.448
3cfOd4CMv2snFaKAnMdnvK,All Star,Smash Mouth,0.731,0.867,11.0,-5.881,1.0,0.032,0.0395,0.0,0.0861,0.776,104.019
0TF3F5Lw5apoD1zvR8LikO,Jessie's Girl,Rick Springfield,0.688,0.706,2.0,-7.925,1.0,0.042,0.0752,0.0,0.0924,0.842,131.705
4JGKZS7h4Qa16gOU3oNETV,Dreams,The Cranberries,0.551,0.643,4.0,-13.091,1.0,0.0353,0.00313,0.00385,0.421,0.514,128.661
0qxYx4F3vm1AOnfux6dDxP,You Can Call Me Al,Paul Simon,0.776,0.763,5.0,-8.124,1.0,0.0535,0.182,0.0065,0.077,0.82,128.433
5DiXcVovI0FcY2s0icWWUu,Mr. Jones,Counting Crows,0.578,0.817,0.0,-6.542,1.0,0.0363,0.183,3.06e-06,0.285,0.726,141.621
6UBjSnyP1O5W5ndJoO9vUk,Night Moves,Bob Seger,0.705,0.743,1.0,-6.631,1.0,0.042,0.432,0.0133,0.103,0.374,118.552
1b7LMtXCXGc2EwOIplI35z,Stuck In The Middle With You,Stealers Wheel,0.795,0.564,7.0,-10.482,1.0,0.0392,0.0934,0.000531,0.0631,0.961,124.166
4ePP9So5xRzspjLFVVbj90,Two Princes,Spin Doctors,0.543,0.912,7.0,-10.71,1.0,0.0601,0.00162,2.1e-06,0.0565,0.836,103.731
77NNZQSqzLNqh2A9JhLRkg,Don't Stop Believin',Journey,0.491,0.802,4.0,-7.106,1.0,0.0392,0.25,0.0,0.387,0.472,119.25
70mAceS5ArAqVj2OwDE4db,Jump in the Line,Harry Belafonte,0.606,0.8,9.0,-9.624,0.0,0.323,0.677,0.0,0.595,0.85,113.864
2WfaOiMkCvy7F5fcp2zZ8L,Take on Me,a-ha,0.573,0.902,6.0,-7.638,0.0,0.054,0.018,0.00125,0.0928,0.876,84.412
2g2GkH3vZHk4lWzBjgQ6nY,(What A) Wonderful World,Sam Cooke,0.691,0.507,11.0,-10.23,1.0,0.0343,0.627,0.0,0.457,0.885,128.518
6vxHp3CDNo0afgKGp2yi1E,Me and Julio Down by the Schoolyard,Paul Simon,0.626,0.816,9.0,-10.593,1.0,0.13,0.237,1.8e-06,0.104,0.798,105.33
5ZBeML7Lf3FMEVviTyvi8l,Twist And Shout - Remastered 2009,The Beatles,0.482,0.849,2.0,-9.198,1.0,0.0452,0.641,7.74e-06,0.0414,0.937,124.631
64Ny7djQ6rNJspquof2KoX,Hound Dog,Elvis Presley,0.357,0.756,0.0,-8.492,1.0,0.0621,0.733,0.00505,0.76,0.95,174.797
6yl8Es1tCYD9WdSkeVLFw4,You Shook Me All Night Long,AC/DC,0.529,0.768,7.0,-5.51,1.0,0.0566,0.00224,0.00075,0.297,0.769,127.316
3v8PlUFGQQDBIk1J86waCo,Should I Stay or Should I Go - Remastered,The Clash,0.742,0.844,2.0,-6.441,1.0,0.111,0.0838,0.0,0.418,0.85,113.371
0GONea6G2XdnHWjNZd6zt3,Summer Of '69,Bryan Adams,0.508,0.834,2.0,-6.205,1.0,0.0386,0.0183,0.0,0.0732,0.774,139.131
3iSws76HjaU7k49EqJVTfF,"Sugar, Sugar",The Archies,0.736,0.871,2.0,-2.786,1.0,0.0278,0.466,0.0,0.108,0.967,122.395
1ynmMEK1fkyiZ6Z6F3ThEt,Centerfold,The J. Geils Band,0.653,0.677,0.0,-12.244,1.0,0.0396,0.249,0.0,0.403,0.888,114.37
7HKez549fwJQDzx3zLjHKC,Start Me Up - Remastered,The Rolling Stones,0.631,0.932,5.0,-4.142,1.0,0.0354,0.0436,0.137,0.0918,0.971,122.429
7lL2lMWNtzOcf5HnEudNgn,Everyday People,Sly & The Family Stone,0.813,0.619,7.0,-8.203,1.0,0.0294,0.245,0.0151,0.113,0.774,114.58
3gdewACMIVMEWVbyb8O9sY,"Rocket Man (I Think It's Going To Be A Long, Long Time)",Elton John,0.601,0.532,10.0,-9.119,1.0,0.0286,0.432,6.25e-06,0.0925,0.341,136.571
27L8sESb3KR79asDUBu8nW,Stacy's Mom,Fountains Of Wayne,0.774,0.75,11.0,-4.927,0.0,0.0412,0.00207,1.78e-05,0.0808,0.927,118.015
7mnGQesk1TzQLzQ9bYWZPR,She's so High,Tal Bachman,0.537,0.84,9.0,-4.626,1.0,0.0363,0.2,2.15e-06,0.0998,0.211,124.269
0ACACkoHUwgfgY5CxVIL4N,Lovely Day,Bill Withers,0.693,0.565,9.0,-12.583,1.0,0.0345,0.194,0.000175,0.0806,0.692,97.937
4uOKFydzAejjSFqYbv1XPt,Red Red Wine,UB40,0.857,0.468,1.0,-8.53,1.0,0.0476,0.00414,1.32e-05,0.269,0.843,89.119
714hERk9U1W8FMYkoC83CO,You Sexy Thing,Hot Chocolate,0.791,0.734,5.0,-5.464,1.0,0.0629,0.522,0.00165,0.167,0.962,105.854
01gwPP2h3ajRnqiIphUtR7,ABC,The Jackson 5,0.725,0.804,8.0,-7.84,1.0,0.0393,0.426,0.000504,0.108,0.961,93.668
1JO1xLtVc8mWhIoE3YaCL0,Happy Together,The Turtles,0.584,0.367,6.0,-9.638,0.0,0.0328,0.55,1.38e-05,0.0818,0.588,120.175
2I43coEbzFSTMGO3kCjLMB,Daylight,Matt and Kim,0.583,0.79,9.0,-4.885,1.0,0.0319,0.0851,0.000387,0.11,0.714,103.286
11CeyEFt21BvAICfd4U8FA,Cecilia - Single Mix,Simon & Garfunkel,0.675,0.849,0.0,-9.68,1.0,0.0386,0.409,1.31e-05,0.0916,0.965,104.765
0cx32rX0uZvcJUP92Wkj2y,Wouldn't It Be Nice - Remastered,The Beach Boys,0.429,0.543,5.0,-9.139,1.0,0.0347,0.536,2.54e-05,0.125,0.693,122.619
2Cy7QY8HPLk925AyNAt6OG,Black or White - Single Version,Michael Jackson,0.741,0.894,4.0,-3.826,1.0,0.0495,0.0824,0.0527,0.089,0.96,114.869
5xC8uOesnn0udeXAYlAnoY,Alright,Supergrass,0.467,0.958,4.0,-4.808,0.0,0.0775,0.000479,0.199,0.299,0.701,145.92
4VywXu6umkIQ2OS0m1I79y,Better Together,Jack Johnson,0.868,0.347,5.0,-9.529,1.0,0.0536,0.308,2e-05,0.11,0.659,110.059
35kyKr5ArvTnFlldwR7JAD,Move Your Feet,Junior Senior,0.747,0.904,9.0,-2.623,1.0,0.0803,0.046,0.106,0.203,0.846,118.877
2DyHhPyCZgZzNXn1IrtsTu,Any Way You Want It,Journey,0.519,0.934,7.0,-7.137,1.0,0.0471,0.000312,0.00457,0.137,0.586,138.162
2id8E4WvczfKHB4LHI7Np3,Edge of Seventeen,Stevie Nicks,0.59,0.828,0.0,-6.28,1.0,0.0439,0.277,5.57e-06,0.0868,0.636,111.353
4vEXJ6NvEwS8ptynkNswaa,You're My Best Friend - Remastered 2011,Queen,0.518,0.761,0.0,-7.025,1.0,0.0452,0.158,0.00765,0.0715,0.576,118.738
5RKZ9zCtLjBLTea7qkSFqr,I'm a Believer,The Monkees,0.519,0.772,0.0,-6.784,1.0,0.0331,0.534,1.21e-05,0.271,0.961,79.618
0GO8y8jQk1PkHzS31d699N,Tongue Tied,Grouplove,0.56,0.936,3.0,-5.835,1.0,0.0439,0.00847,0.0,0.161,0.371,112.96
0jWgAnTrNZmOGmqgvHhZEm,What's Up?,4 Non Blondes,0.565,0.564,2.0,-10.044,1.0,0.0292,0.161,0.0,0.114,0.454,134.355
24YvUQnuPL8gObCfSnAobH,"Hey, Soul Sister",Train,0.677,0.89,1.0,-4.448,0.0,0.0418,0.182,0.0,0.0826,0.764,97.012
6bUNEbXT7HovLW6BgPCBsb,Roses,OutKast,0.751,0.708,0.0,-5.645,1.0,0.0545,0.0481,1.83e-05,0.107,0.509,108.97
1P49MJhU5vzttesFxw3dOM,Three Little Birds,Bob Marley & The Wailers,0.807,0.487,9.0,-10.456,1.0,0.0758,0.0102,1.98e-06,0.0501,0.651,148.491
2B4LcSLZTDmTIFgKpjScjR,You're The One That I Want - From “Grease”,John Travolta,0.739,0.766,0.0,-6.023,1.0,0.0785,0.193,7.28e-05,0.137,0.862,106.6
1bp2IO61zbQrbWNmKKxg3f,The Joker,Steve Miller Band,0.596,0.448,5.0,-9.616,1.0,0.0396,0.365,5.3e-06,0.206,0.796,83.293
5J0S5UgpCwlmEagrqgzvoC,Wake Me up Before You Go-Go,Wham!,0.612,0.738,0.0,-6.648,1.0,0.0479,0.192,0.0,0.0779,0.883,81.327
5AoTuHE5P5bvC7BBppYnja,Respect - 2003 Remaster,Aretha Franklin,0.744,0.612,0.0,-6.386,1.0,0.0333,0.0723,0.000532,0.0692,0.961,114.991
2HvtedoEeymVWrBPyAMNwZ,SUPERBLOOM,MisterWives,0.558,0.889,8.0,-3.945,1.0,0.102,0.191,0.000387,0.328,0.716,170.102
1TF8rXy87zrnpBlS9TLykA,Cry (with John Martin),Gryffin,0.458,0.802,1.0,-3.914,1.0,0.0416,0.0155,0.0,0.0706,0.51,145.135
1nYeVF5vIBxMxfPoL0SIWg,Hallucinate,Dua Lipa,0.627,0.69,10.0,-5.396,0.0,0.139,0.033,0.0,0.0742,0.627,122.053
3kwgqoBqTwoAH4nT29TYrq,Nobody's Love,Maroon 5,0.486,0.567,1.0,-6.456,1.0,0.0379,0.31,0.0,0.0949,0.154,93.68
3jjujdWJ72nww5eGnfs2E7,Adore You,Harry Styles,0.676,0.771,8.0,-3.675,1.0,0.0483,0.0237,7e-06,0.102,0.569,99.048
2GiJYvgVaD2HtM8GqD9EgQ,Electric Love,BØRNS,0.611,0.797,6.0,-7.627,0.0,0.0533,0.00543,0.00137,0.26,0.518,120.041
6Qs4SXO9dwPj5GKvVOv8Ki,Dancing With A Stranger (with Normani),Sam Smith,0.741,0.52,8.0,-7.513,1.0,0.0656,0.45,1.97e-06,0.222,0.347,102.998
59qrUpoplZxbIZxk6X0Bm3,Take You Dancing,Jason Derulo,0.789,0.711,2.0,-4.248,1.0,0.041,0.0332,0.0,0.0876,0.753,112.985
6cx06DFPPHchuUAcTxznu9,Head & Heart (feat. MNEK),Joel Corry,0.734,0.874,8.0,-3.158,1.0,0.0662,0.168,1.14e-05,0.0489,0.905,122.953
5f1joOtoMeyppIcJGZQvqJ,Be Like That - feat. Swae Lee & Khalid,Kane Brown,0.727,0.626,7.0,-8.415,1.0,0.0726,0.0469,2.58e-05,0.126,0.322,86.97
64lsIF5pw0sJY0gV5kz0RN,Can I Call You Tonight?,Dayglow,0.641,0.842,9.0,-7.27,1.0,0.0292,0.132,0.91,0.419,0.5,129.98
4nK5YrxbMGZstTLbvj6Gxw,Supalonely,BENEE,0.863,0.631,7.0,-4.689,1.0,0.0534,0.305,3.04e-05,0.123,0.817,128.977
2D0dj3hVkRQJCp63cxCPEx,Stunnin' (feat. Harm Franklin),Curtis Waters,0.885,0.685,11.0,-6.429,0.0,0.0627,0.33,0.0,0.148,0.937,99.954
0l4AReW2LuX0yStPfgQgSR,Giants,Dermot Kennedy,0.579,0.839,8.0,-5.409,0.0,0.0703,0.0145,3.04e-05,0.201,0.589,158.141
518miTxc3a15X7HB8FgJUW,Learn To Fly,Surfaces,0.569,0.536,1.0,-6.137,1.0,0.0819,0.554,0.0,0.0655,0.656,173.695
6JqYhSdTE4WbQrMXxPH5cD,Honeypie,JAWNY,0.742,0.678,5.0,-4.605,0.0,0.192,0.0698,0.0,0.151,0.927,115.05
1xQ6trAsedVPCdbtDAmk0c,Savage Love (Laxed - Siren Beat),Jawsh 685,0.767,0.481,0.0,-8.52,0.0,0.0803,0.234,0.0,0.269,0.761,150.076
0dZpw3h6KZhcHec61qwevZ,Banana (feat. Shaggy) - DJ FLe - Minisiren Remix,Conkarah,0.824,0.854,8.0,-5.312,1.0,0.177,0.016,4.95e-05,0.117,0.896,95.114
7szuecWAPwGoV1e5vGu8tl,In Your Eyes,The Weeknd,0.667,0.719,7.0,-5.371,0.0,0.0346,0.00285,8.1e-05,0.0736,0.717,100.021
7piFoJog4nNUCfnpOzFzSO,Little Bit Of Love - Indian Summer Remix,JP Cooper,0.708,0.758,7.0,-4.453,1.0,0.0367,0.0133,1.04e-05,0.418,0.272,101.017
6wXgnhpmOPEJ7cUweSyy2B,Dance with Me (feat. Thomas Rhett & Young Thug),Diplo,0.73,0.792,6.0,-5.33,0.0,0.13,0.0264,0.0,0.101,0.745,99.039
1b3nlcP6hogIzYRVK2Ui7K,Wherever You Are,Kodaline,0.514,0.612,4.0,-5.981,1.0,0.0298,0.142,0.0,0.0868,0.342,125.99
24ySl2hOPGCDcxBxFIqWBu,Rain On Me (with Ariana Grande),Lady Gaga,0.672,0.855,9.0,-3.764,1.0,0.0397,0.021,0.0,0.323,0.646,123.056
5id3Rqn7SPj1LX4FfY4nGz,Together,Sia,0.521,0.877,7.0,-5.444,1.0,0.0683,0.0132,0.0806,0.0929,0.199,180.007
4uqh9bualXNHXXwO2wPorc,Daisies,Katy Perry,0.639,0.546,1.0,-5.382,1.0,0.0407,0.0837,0.0,0.122,0.149,122.179
7xbWAw3LMgRMn4omR5yVn3,Lose Somebody,Kygo,0.58,0.586,1.0,-6.883,1.0,0.0357,0.344,0.0,0.0755,0.507,147.988
49dFIRQCQxPWgoH0m38XQ5,Summer Feelings (feat. Charlie Puth) - From 'SCOOB!' The Album,Lennon Stella,0.696,0.686,5.0,-6.113,0.0,0.0309,0.262,0.0,0.174,0.7,115.982
0VjIjW4GlUZAMYd2vXMi3b,Blinding Lights,The Weeknd,0.514,0.73,1.0,-5.934,1.0,0.0598,0.00146,9.54e-05,0.0897,0.334,171.005
2Yer0p7uB2lVBUAtANuuQp,Magic In The Hamptons (feat. Lil Yachty),Social House,0.769,0.479,1.0,-5.339,1.0,0.0385,0.66,0.0,0.0914,0.803,96.051
7k6tAZp4m93oswrPqSfBbc,On Me (feat. Ava Max),Thomas Rhett,0.548,0.721,8.0,-4.466,1.0,0.0472,0.0119,0.0,0.216,0.594,177.918
3Z8FwOEN59mRMxDCtb8N0A,Be Kind (with Halsey),Marshmello,0.63,0.633,4.0,-7.088,1.0,0.0457,0.00776,0.0,0.0541,0.452,93.995
3KkXRkHbMCARz0aVfEt68P,Sunflower - Spider-Man: Into the Spider-Verse,Post Malone,0.76,0.479,2.0,-5.574,1.0,0.0466,0.556,0.0,0.0703,0.913,89.911
5iFwAOB2TFkPJk8sMlxP8g,Make You Mine,PUBLIC,0.606,0.799,9.0,-4.452,1.0,0.0261,0.0128,0.0,0.15,0.638,103.014
4ZTTUAjJCd4NMZmIU7RB4c,Midnight (feat. Liam Payne),Alesso,0.587,0.648,11.0,-6.927,0.0,0.0439,0.0561,0.0,0.115,0.281,144.028
5Gj1wG8b12VQdEd3hUuSwo,Freedom,Kygo,0.715,0.635,7.0,-6.591,1.0,0.0791,0.127,0.0,0.0862,0.39,112.887
62aP9fBQKYKxi7PDXwcUAS,ily (i love you baby) (feat. Emilee),Surf Mesa,0.674,0.774,11.0,-7.567,0.0,0.0892,0.0686,0.00188,0.393,0.33,112.05
3H7ihDc1dqLriiWXwsc2po,Breaking Me,Topic,0.789,0.72,8.0,-5.652,0.0,0.218,0.223,0.0,0.129,0.664,122.031
7kQkmyoHCEqwe7QwDbkSXM,Let's Fall in Love for the Night,FINNEAS,0.737,0.408,5.0,-7.941,1.0,0.104,0.802,0.0,0.171,0.374,127.921
3QpkbrYXtlU3LRJu3sTK6V,Joy,Bastille,0.559,0.915,9.0,-4.811,1.0,0.132,0.222,0.0,0.113,0.361,117.914
2K0r5GD5zYlEMx2M7ZMcqG,Better Days,OneRepublic,0.626,0.726,5.0,-5.015,1.0,0.0376,0.235,0.0,0.304,0.257,89.132
28Tv8zltFDr5wBCG3Pfky4,I Love You's,Hailee Steinfeld,0.682,0.783,8.0,-4.997,1.0,0.18,0.0262,0.0,0.206,0.323,106.899
5SspaMrPfWyRCS0GpjIxa6,Good Example (with Andy Grammer),R3HAB,0.456,0.496,1.0,-6.986,1.0,0.0743,0.427,0.0,0.134,0.45,90.552
7rpNuuoMbid56XkDsx2FjE,Black And White,Niall Horan,0.443,0.582,2.0,-6.02,1.0,0.0482,0.0301,0.0,0.127,0.239,147.589
76nqCfJOcFFWBJN32PAksn,Kings & Queens,Ava Max,0.638,0.688,1.0,-4.056,0.0,0.0407,0.00775,0.0,0.126,0.434,129.856
20d27F17AZOxTJOEHAVK2Y,Conversations in the Dark - John Legend vs. David Guetta,John Legend,0.572,0.742,8.0,-4.589,0.0,0.0347,0.245,0.0,0.108,0.376,127.19
5Pgq1Gfeth2CuUhyCXwlfC,Take It Easy,Surfaces,0.765,0.689,6.0,-5.616,1.0,0.0456,0.236,7.39e-06,0.114,0.497,144.958
4umIPjkehX1r7uhmGvXiSV,Intentions (feat. Quavo),Justin Bieber,0.806,0.546,9.0,-6.637,1.0,0.0575,0.3,0.0,0.102,0.874,147.986
0TrPqhAMoaKUFLR7iYDokf,Know Your Worth,Khalid,0.79,0.694,9.0,-7.726,0.0,0.0708,0.145,0.00252,0.281,0.508,103.007
0ycFQvBTfuo1LCdG0HhszL,Tattoos Together,Lauv,0.862,0.4,4.0,-7.486,1.0,0.0736,0.00575,7.49e-06,0.123,0.596,122.963
4wNIkl5XGiAACjFBlDWuSd,What A Man Gotta Do,Jonas Brothers,0.852,0.698,9.0,-7.206,1.0,0.0629,0.00839,1.03e-06,0.0773,0.324,113.039
58fGC7ZRlPhW1J7kLx1goK,Keep It Simple (feat. Wilder Woods),Matoma,0.629,0.82,1.0,-5.651,1.0,0.0543,0.0142,4.34e-05,0.039,0.329,113.95
1e9oZCCiX42nJl0AcqriVo,Watermelon Sugar,Harry Styles,0.548,0.816,0.0,-4.209,1.0,0.0465,0.122,0.0,0.335,0.557,95.39
35MKhw2YBKApmD7fAnPERC,Faith (with Dolly Parton) [feat. Mr. Probz],Galantis,0.547,0.795,8.0,-3.721,1.0,0.0489,0.145,0.0,0.11,0.723,118.118
1z1XegUChLLQfcbtIK8ABn,Body Back (feat. Maia Wright),Gryffin,0.686,0.83,8.0,-4.437,1.0,0.0369,0.0948,1.33e-06,0.182,0.486,123.032
1yTTMcUhL7rtz08Dsgb7Qb,The Bones - with Hozier,Maren Morris,0.561,0.597,11.0,-6.0,0.0,0.0405,0.286,0.0,0.0979,0.355,76.826
3cphb8kdsjElYR7r5icK3H,Nice To Meet Ya,Niall Horan,0.591,0.841,4.0,-4.351,0.0,0.0304,0.0119,0.0,0.395,0.392,109.034
1mpD5Q8IM32I4bF6eCpU74,Up All Night,Khalid,0.665,0.712,1.0,-7.536,1.0,0.0527,0.00103,0.00342,0.102,0.669,93.989
1Cv1YLb4q0RzL6pybtaMLo,Sunday Best,Surfaces,0.878,0.525,5.0,-6.832,1.0,0.0578,0.183,0.0,0.0714,0.694,112.022
4fwo6czG5nvOQMzhOto1ya,Lonely,Diplo,0.738,0.717,1.0,-5.121,1.0,0.0573,0.062,0.0,0.205,0.5,98.047
70YPzqSEwJvAIQ6nMs1cjY,In Your Arms (with X Ambassadors),ILLENIUM,0.404,0.806,2.0,-4.75,1.0,0.0496,0.198,0.0,0.114,0.112,148.036
2b8fOow8UzyDFAE27YhOZM,Memories,Maroon 5,0.764,0.32,11.0,-7.209,1.0,0.0546,0.837,0.0,0.0822,0.575,91.019
6V9fHiv84WlVTg7CSnIVY2,Graveyard,Halsey,0.667,0.583,11.0,-5.127,0.0,0.0747,0.231,4.48e-05,0.181,0.187,92.043
02VHspkXhhH1QCInRWWIfr,Catching Feelings (feat. Six60),Drax Project,0.397,0.524,3.0,-5.846,1.0,0.103,0.607,0.0,0.157,0.343,175.562
6S1IgeHxxOT9qVWnmsdGxe,Treehouse (feat. Shotty Horroh),James Arthur,0.691,0.733,6.0,-5.02,1.0,0.0368,0.184,0.0,0.341,0.797,153.976
4VginDwYTP2eaHJzO0QMjG,Circles,Post Malone,0.704,0.758,0.0,-3.537,1.0,0.0402,0.233,0.00144,0.0924,0.534,120.003
5o8lxcSYAj8uXTiIHoyyA9,Castles,Freya Ridings,0.672,0.752,4.0,-4.866,1.0,0.0843,0.0046,0.00047,0.056,0.429,116.945
2grAr8pWMuLWn8ZYEE9wDV,Never Seen the Rain,Tones And I,0.485,0.461,9.0,-5.646,1.0,0.0444,0.44,0.0,0.232,0.324,87.009
7jaDLcrbilPxoH4mIcYyB3,I Found You,Andy Grammer,0.728,0.701,1.0,-6.58,1.0,0.0406,0.0945,2.08e-05,0.181,0.413,137.97
6oJ6le65B3SEqPwMRNXWjY,Higher Love,Kygo,0.693,0.678,8.0,-7.159,1.0,0.0324,0.0154,6.05e-06,0.101,0.404,103.952
05CwHjIk71RXVU40boRMnR,Call You Mine,The Chainsmokers,0.591,0.702,7.0,-5.59,1.0,0.0289,0.225,0.0,0.414,0.501,104.003
0qc4QlcCxVTGyShurEv1UU,Post Malone (feat. RANI),Sam Feldt,0.59,0.642,7.0,-3.87,1.0,0.122,0.0771,0.0,0.105,0.651,107.356
2kAIpGWnlFLQh48iut6Zzq,Free Spirit,Khalid,0.627,0.446,2.0,-9.477,0.0,0.0332,0.308,0.00077,0.111,0.11,139.994
2qfEcCkEo5NscA9GL7ER72,Nobody,Martin Jensen,0.673,0.687,6.0,-5.295,0.0,0.0623,0.269,0.0,0.181,0.524,96.964
4Gcv5SsxnQWpmOnUI19EJk,All You Need To Know (feat. Calle Lehmann),Gryffin,0.513,0.788,0.0,-4.629,1.0,0.0364,0.00968,0.0,0.11,0.234,139.987
1tNJrcVe6gwLEiZCtprs1u,3 Nights,Dominic Fike,0.815,0.518,7.0,-6.594,0.0,0.0897,0.223,0.0,0.104,0.877,151.891
7nDYw1nNAW4dAqgmW2W3tq,Almost (Sweet Music),Hozier,0.384,0.689,7.0,-5.598,1.0,0.197,0.0217,2.24e-06,0.204,0.702,179.823
4YAg8h8WliHZlW5wuv8Jpk,To Be Young (feat. Doja Cat),Anne-Marie,0.525,0.649,8.0,-4.802,1.0,0.0655,0.241,0.0,0.129,0.286,155.995
5SspaMrPfWyRCS0GpjIxa6,Good Example (with Andy Grammer),R3HAB,0.456,0.496,1.0,-6.986,1.0,0.0743,0.427,0.0,0.134,0.45,90.552
1i3z3GR1JtLswOSJNO0BQw,"You Can't Stop The Girl (From Disney's ""Maleficent: Mistress of Evil"")",Bebe Rexha,0.394,0.718,7.0,-6.336,1.0,0.0607,0.706,0.0,0.116,0.247,151.912
3DXdjHnePKnh6oXw2ZgGSl,Smile,Katy Perry,0.783,0.912,0.0,-3.713,1.0,0.243,0.0238,0.0,0.339,0.749,98.025
73h4oe03sZy8bXfQLfnqMv,Who's Laughing Now,Ava Max,0.648,0.641,7.0,-5.521,1.0,0.0389,0.00565,3.63e-06,0.109,0.505,184.021
7c2ag2Q4vhJyjDANataJj2,Drinks,Cyn,0.818,0.803,0.0,-6.733,1.0,0.129,0.0591,8.75e-05,0.093,0.34,141.916
4uqh9bualXNHXXwO2wPorc,Daisies,Katy Perry,0.639,0.546,1.0,-5.382,1.0,0.0407,0.0837,0.0,0.122,0.149,122.179
27ycaQnQAxaPiyeg3nr2aB,Midnight Sky,Miley Cyrus,0.705,0.814,4.0,-5.466,0.0,0.0346,0.00115,0.00312,0.203,0.259,110.0
4L6ihclQPu1hqP9r3WNJjQ,Free Woman,Lady Gaga,0.731,0.927,0.0,-3.634,1.0,0.0781,0.0228,7.15e-05,0.187,0.478,119.006
2HvtedoEeymVWrBPyAMNwZ,SUPERBLOOM,MisterWives,0.558,0.889,8.0,-3.945,1.0,0.102,0.191,0.000387,0.328,0.716,170.102
0iLbxQU6BJ2zOa9yK8RNMA,Hurt By You,Donna Missal,0.548,0.689,11.0,-4.442,0.0,0.0332,0.0414,0.0,0.193,0.366,133.669
1VSsfA5Z37dSNPqiK5dxmM,Love Not Loving You,Foxes,0.638,0.951,10.0,-2.985,1.0,0.109,0.00321,0.000126,0.0629,0.487,121.049
1fipvP2zmef6vN2IwXfJhY,I’m Ready (with Demi Lovato),Sam Smith,0.501,0.674,5.0,-6.363,1.0,0.0408,0.00346,3.56e-05,0.282,0.152,155.051
14sOS5L36385FJ3OL8hew4,Happy Now,Kygo,0.693,0.575,9.0,-6.998,1.0,0.0801,0.374,0.0,0.252,0.492,117.999
49dFIRQCQxPWgoH0m38XQ5,Summer Feelings (feat. Charlie Puth) - From 'SCOOB!' The Album,Lennon Stella,0.696,0.686,5.0,-6.113,0.0,0.0309,0.262,0.0,0.174,0.7,115.982
017PF4Q3l4DBUiWoXk4OWT,Break My Heart,Dua Lipa,0.73,0.729,4.0,-3.434,0.0,0.0883,0.167,1.39e-06,0.349,0.467,113.013
62hTXlVQacy3pjBW4ntRPl,1000 Doves,Lady Gaga,0.668,0.826,9.0,-4.466,1.0,0.0383,0.0236,1.07e-05,0.474,0.388,122.973
5v4GgrXPMghOnBBLmveLac,Savage Remix (feat. Beyoncé),Megan Thee Stallion,0.822,0.743,10.0,-4.772,0.0,0.28,0.016,0.0,0.127,0.636,84.459
0CZ8lquoTX2Dkg7Ak2inwA,1950,King Princess,0.6,0.535,4.0,-7.043,1.0,0.107,0.648,4.7e-06,0.162,0.269,71.912
3Dv1eDb0MEgF93GpLXlucZ,Say So,Doja Cat,0.787,0.673,11.0,-4.577,0.0,0.158,0.256,3.57e-06,0.0904,0.786,110.962
7CHi4DtfK4heMlQaudCuHK,Lose Control,MEDUZA,0.598,0.526,10.0,-8.659,0.0,0.0415,0.129,0.0,0.14,0.529,123.935
3Z8FwOEN59mRMxDCtb8N0A,Be Kind (with Halsey),Marshmello,0.63,0.633,4.0,-7.088,1.0,0.0457,0.00776,0.0,0.0541,0.452,93.995
4DpNNXFMMxQEKl7r0ykkWA,Play Date,Melanie Martinez,0.68,0.729,5.0,-5.077,1.0,0.0475,0.612,0.0,0.224,0.446,123.97
5ubwXXOsH9bUhZsQ0Cybha,Level Up,Ciara,0.746,0.825,1.0,-4.666,1.0,0.169,0.0142,0.0107,0.121,0.584,152.914
7szuecWAPwGoV1e5vGu8tl,In Your Eyes,The Weeknd,0.667,0.719,7.0,-5.371,0.0,0.0346,0.00285,8.1e-05,0.0736,0.717,100.021
22UDw8rSfLbUsaAGTXQ4Z8,American Boy,Estelle,0.727,0.729,0.0,-2.99,1.0,0.326,0.171,0.0,0.07,0.512,117.932
2U12JbtnFSYa5Av5wEcEDX,Oh My God,Alec Benjamin,0.696,0.565,5.0,-7.237,0.0,0.0605,0.652,2.02e-06,0.121,0.599,156.11
58q2HKrzhC3ozto2nDdN4z,I Like It,Cardi B,0.816,0.726,5.0,-3.998,0.0,0.129,0.099,0.0,0.372,0.65,136.048
3HWzoMvoF3TQfYg4UPszDq,Truth Hurts,Lizzo,0.715,0.624,4.0,-3.046,0.0,0.114,0.11,0.0,0.123,0.412,158.087
7vgv8KZBSo0TPzyIWG9yzV,Salt,Ava Max,0.693,0.835,6.0,-3.242,1.0,0.0623,0.131,0.0,0.073,0.743,128.057
1KGi9sZVMeszgZOWivFpxs,No Scrubs,TLC,0.743,0.675,8.0,-4.267,0.0,0.0953,0.0251,0.000717,0.0685,0.59,92.909
7lidXGPXPYLNThITAOTlkK,You should be sad,Halsey,0.591,0.585,2.0,-6.35,1.0,0.0277,0.143,0.0,0.109,0.324,110.94
0oiKDZUxZn9i4jCCDmbTM2,Uh Huh,Julia Michaels,0.775,0.663,4.0,-4.834,1.0,0.191,0.161,4.36e-05,0.0678,0.567,137.935
7qtAgn9mwxygsPOsUDVRRt,Survivor,Destiny's Child,0.524,0.904,8.0,-2.071,1.0,0.398,0.0533,0.0,0.776,0.655,161.188
0VjIjW4GlUZAMYd2vXMi3b,Blinding Lights,The Weeknd,0.514,0.73,1.0,-5.934,1.0,0.0598,0.00146,9.54e-05,0.0897,0.334,171.005
6WrI0LAC5M1Rw2MnX2ZvEg,Don't Start Now,Dua Lipa,0.794,0.793,11.0,-4.521,0.0,0.0842,0.0125,0.0,0.0952,0.677,123.941
0GrrLYCH8u81aENhC8FBF4,That's Not My Name,The Ting Tings,0.755,0.901,9.0,-3.152,1.0,0.0893,0.0451,0.0373,0.363,0.959,145.042
2kJu14V7hbZw3I4K8L8SXb,Stupid Love,Lady Gaga,0.676,0.815,8.0,-4.294,1.0,0.0625,0.00146,0.00041,0.275,0.796,117.973
3frUvGrmGcay91lvFbOgsN,Like It Is,Kygo,0.794,0.728,1.0,-6.759,1.0,0.114,0.121,8.82e-06,0.227,0.36,105.024
3FGiFUJRRp5RGikVrs6kig,Underdog,Alicia Keys,0.656,0.722,0.0,-4.726,0.0,0.0478,0.556,0.0,0.134,0.301,90.097
5X73AYzzEE5Di0JwcQKt9N,Bigger Than,Justin Jesso,0.421,0.669,4.0,-4.724,1.0,0.127,0.151,0.0,0.635,0.326,175.788
4gbB4ORVF9jqFWgPF8277Z,Keep On,Sasha Sloan,0.762,0.582,8.0,-8.819,1.0,0.104,0.485,0.0,0.113,0.297,139.998
1xK7enJZVdv37fnnxoZlPq,With You,Kaskade,0.362,0.921,1.0,-3.815,0.0,0.486,0.123,0.0,0.19,0.529,172.191
07Oz5StQ7GRoygNLaXs2pd,Good as Hell (feat. Ariana Grande) - Remix,Lizzo,0.668,0.892,5.0,-3.001,0.0,0.0645,0.298,0.0,0.735,0.478,95.927
5bdPZNRLtytNqjUmSr4S0P,Good as Gold,Greyson Chance,0.473,0.587,2.0,-6.155,1.0,0.0383,0.301,0.0,0.104,0.246,169.935
2grAr8pWMuLWn8ZYEE9wDV,Never Seen the Rain,Tones And I,0.485,0.461,9.0,-5.646,1.0,0.0444,0.44,0.0,0.232,0.324,87.009
3Ex5RFJRUdpHcDOLXJOVLy,Raising Hell (feat. Big Freedia),Kesha,0.676,0.869,1.0,-4.689,0.0,0.132,0.00134,6.77e-05,0.0692,0.271,114.991
2Tl6yt61BEQXygpltqvgzD,Clean,Hey Violet,0.591,0.735,10.0,-4.208,1.0,0.0406,0.00528,0.0,0.112,0.632,143.098
7yfi8B8opXjnRh4VZnOkz9,Cool,Jonas Brothers,0.683,0.598,0.0,-5.487,1.0,0.0423,0.00873,0.0,0.156,0.62,78.969
43rA71bccXFGD4C8GOpIlN,I Forgot That You Existed,Taylor Swift,0.664,0.316,5.0,-10.345,1.0,0.519,0.298,2.03e-06,0.0812,0.541,92.875
5A3fPy30SN2wuzrahpcxvV,"Don't Give Up On Me - (From ""Five Feet Apart"")",Andy Grammer,0.641,0.537,0.0,-5.452,0.0,0.0282,0.0875,9.05e-06,0.115,0.0681,112.864
2FOwRoyI2TTujfAGmHgEJP,Genetics,Meghan Trainor,0.788,0.743,8.0,-7.711,1.0,0.328,0.0284,0.00124,0.34,0.423,122.005
6oJ6le65B3SEqPwMRNXWjY,Higher Love,Kygo,0.693,0.678,8.0,-7.159,1.0,0.0324,0.0154,6.05e-06,0.101,0.404,103.952
6ucmgsair6pvRYfwgvI6e0,"SPIRIT - From Disney's ""The Lion King""",Beyoncé,0.238,0.435,5.0,-8.096,1.0,0.0497,0.00956,0.0,0.0981,0.0447,78.797
2iuZJX9X9P0GKaE93xcPjk,Sugar,Maroon 5,0.748,0.788,1.0,-7.055,1.0,0.0334,0.0591,0.0,0.0863,0.884,120.076
222B3aljXx6fFwKmFjuBED,Woman Like Me (feat. Nicki Minaj),Little Mix,0.754,0.854,5.0,-3.449,0.0,0.0608,0.177,0.0,0.0808,0.8,75.002
1mea3bSkSGXuIRvnydlB5b,Viva La Vida,Coldplay,0.485,0.619,5.0,-7.115,0.0,0.0289,0.0941,3.31e-06,0.109,0.416,138.017
5icOoE6VgqFKohjWWNp0Ac,Here With Me,Marshmello,0.791,0.565,5.0,-3.933,0.0,0.0439,0.0623,0.0,0.156,0.181,99.961
3RauEVgRgj1IuWdJ9fDs70,The Man,Taylor Swift,0.777,0.658,0.0,-5.191,1.0,0.054,0.0767,0.0,0.0901,0.633,110.048
0OGNtqKkjI7FCE9HZ4Khgo,Power Over Me,Dermot Kennedy,0.42,0.843,9.0,-4.231,0.0,0.121,0.0519,0.0,0.106,0.491,173.827
1zHmzN75pKHflokUGZh7sA,"Hurt Me - From ""Songland""",Meghan Trainor,0.873,0.651,11.0,-5.937,0.0,0.0759,0.219,0.0,0.27,0.675,113.001
6OtCIsQZ64Vs1EbzztvAv4,Good Life,OneRepublic,0.634,0.69,6.0,-7.804,1.0,0.052,0.0771,0.0,0.132,0.645,94.988
6aIAuKNU8JlVaTmoCYYN6U,Glad He's Gone,Tove Lo,0.795,0.595,1.0,-8.073,1.0,0.0698,0.0823,0.0,0.128,0.502,91.025
2WyRfGeHo97VC5mP1BBSzr,Mother's Daughter,Miley Cyrus,0.681,0.865,1.0,-4.132,0.0,0.0594,0.00464,0.00169,0.149,0.528,91.017
23zzZpPotrX7adSotiOvtP,Castles,Freya Ridings,0.672,0.752,4.0,-4.866,1.0,0.0843,0.0046,0.00047,0.056,0.429,116.945
3HVWdVOQ0ZA45FuZGSfvns,I Don't Care (with Justin Bieber),Ed Sheeran,0.798,0.675,6.0,-5.041,1.0,0.0442,0.0912,0.0,0.0894,0.842,101.956
6g0Orsxv6glTJCt4cHsRsQ,Formation,Beyoncé,0.896,0.621,5.0,-6.857,0.0,0.237,0.00532,0.0,0.196,0.818,121.966
4Sib57MmYGJzSvkW84jTwh,ME! (feat. Brendon Urie of Panic! At The Disco),Taylor Swift,0.614,0.839,0.0,-4.143,1.0,0.0702,0.0291,0.0,0.112,0.657,182.123
6h2wpo2pshM8QnAvRySEO0,Soulmate,Lizzo,0.693,0.849,7.0,-4.517,1.0,0.0892,0.00466,0.00127,0.503,0.767,99.021
5Glf3tBr73L1fbO9u4pL7r,"Badass Woman - From The Motion Picture ""The Hustle""",Meghan Trainor,0.726,0.869,6.0,-3.978,1.0,0.0638,0.0181,0.00022,0.332,0.529,112.966
6o3QUC5oAE4g6WxRIFcZtb,Wishing Well,Juice WRLD,0.65,0.613,9.0,-6.13,0.0,0.128,0.00336,0.0,0.267,0.0804,149.972
7KzIHJu1KFh4D8VhhmvTro,Nothing to Work Out,Elko,0.65,0.746,6.0,-5.067,0.0,0.0345,0.0262,0.0,0.0959,0.586,149.928
4C4HQvKybvDoqg57TH4Ewk,Seasons,Ollie,0.729,0.748,7.0,-7.034,1.0,0.28,0.134,0.0,0.11,0.727,152.025
3h1QEqhVgDOpFQ7qfYH62L,Wishing and Hoping,Landon Cube,0.499,0.884,4.0,-4.601,0.0,0.0556,0.00654,2.89e-05,0.16,0.547,175.049
5hNnZd1qJ1tJdVU7vwQ1DX,Demons,Merkules,0.745,0.443,0.0,-10.489,1.0,0.298,0.583,0.0,0.128,0.388,106.13
71staqCBFArNBB1O7Sw3J8,Bad Dream,Jutes,0.77,0.648,9.0,-5.675,1.0,0.0323,0.251,4.3e-06,0.132,0.417,99.988
0A3nVGUkAN4MDBcnIXrheL,Fire,MASN,0.542,0.433,4.0,-8.333,1.0,0.0344,0.391,0.0,0.0836,0.23,83.569
22INV92iL1i9gg0pJOoMCN,Not Enough,bloom,0.653,0.486,7.0,-8.792,0.0,0.0314,0.458,0.0,0.149,0.447,146.023
0EgkGFmAdFLkZVtbyGlQRe,Top Gone (with Lunay),Lil Mosey,0.83,0.467,6.0,-7.204,0.0,0.0872,0.0512,0.0,0.0648,0.529,104.017
3f1ChZHm6v4KdUaEW5y5qd,Me and You,Cold Hart,0.613,0.614,1.0,-7.235,1.0,0.0439,0.0143,0.0,0.094,0.198,93.984
5Ef3pvRvBdDHGfgRPF7bhs,Anxxiety,SayWeCanFly,0.558,0.725,1.0,-6.229,0.0,0.0992,0.175,0.000166,0.18,0.473,150.885
19FnL4NWyOG0KiZofHG73V,Dead Roses,Ollie,0.827,0.447,4.0,-9.06,0.0,0.0735,0.722,0.0,0.278,0.381,109.925
55QuVLU2eUoyhQNX85SdpI,HURT ME,benny mayne,0.771,0.477,2.0,-6.993,1.0,0.0418,0.579,0.0,0.105,0.416,150.003
1HWgcFyZ4wKia83CDGWH4N,Lost In Time,Wifisfuneral,0.481,0.507,10.0,-12.608,0.0,0.059,0.892,9.44e-05,0.141,0.432,93.313
6B2zpKDnmfPlAVxXdiYRGj,Fake Smiles 2,Phora,0.592,0.609,3.0,-7.306,0.0,0.367,0.564,0.0,0.0771,0.136,158.054
0ifPaPuwOWVNxMaEKJL1to,Luv Me While I’m Here,Yung Pinch,0.785,0.446,7.0,-7.243,1.0,0.218,0.42,1.51e-06,0.148,0.618,79.063
5tHpWIBg2HIsTECsokcd4E,Gtfo,Brandon Taylor,0.814,0.711,10.0,-6.44,1.0,0.0987,0.377,0.0,0.319,0.907,140.163
6HeCk6yewXH7WO4D93eub9,Ruthless (Nice Guys Always Finish Last),MarMar Oso,0.724,0.269,5.0,-15.465,1.0,0.0456,0.388,0.0,0.0808,0.866,86.042
27BBfeJZBFlZ60Sgx7iOgL,TELL ME WHY,The Kid LAROI,0.6,0.723,6.0,-4.928,0.0,0.158,0.109,0.0,0.167,0.463,149.881
4FGl5XDCrkbS4KcvpTIiKK,Colorado,SayWeCanFly,0.701,0.669,6.0,-6.182,1.0,0.0423,0.175,0.0,0.104,0.584,149.967
7AQim7LbvFVZJE3O8TYgf2,Fuck Love (feat. Trippie Redd),XXXTENTACION,0.797,0.533,0.0,-9.74,0.0,0.0412,0.0172,0.000152,0.103,0.329,131.036
23GLgk0r6rKVCic7cCFArg,"...And To Those I Love, Thanks For Sticking Around",$uicideBoy$,0.792,0.512,2.0,-6.875,1.0,0.0408,0.13,8.82e-05,0.14,0.11,113.978
6v6Uz0WRESNjUnOjGzKamp,Just Be Around,Smrtdeath,0.701,0.687,10.0,-6.787,1.0,0.144,0.0904,0.0,0.121,0.382,158.008
6GyNzLfyPlqOanu8S31vaH,Hate Me!,MASN,0.684,0.622,6.0,-6.523,1.0,0.117,0.66,0.0,0.107,0.335,142.05
4GUj9MfPPkjpZskxb45uiX,Angels & Demons,jxdn,0.554,0.8,8.0,-3.936,1.0,0.0395,0.119,0.0,0.629,0.463,115.056
6VrCmhRBFnuGKmtNfk4jDs,Spotlight,Marshmello,0.546,0.822,7.0,-4.483,1.0,0.151,0.0145,0.0,0.742,0.615,150.06
16ZHjPPoTEJ5TXPydW3zLR,I'm falling apart fast feels like I'm flying,Elko,0.638,0.602,8.0,-4.607,1.0,0.0254,0.566,0.0,0.217,0.376,109.967
0DILU9jjSTnCv1dcbUH3ib,Sick and Tired (ft. Machine Gun Kelly and Travis Barker),iann dior,0.748,0.492,11.0,-8.584,1.0,0.0498,0.151,0.0,0.146,0.483,145.097
54dQrW1GIFRxDAsXkSoOyT,rope,guccihighwaters,0.634,0.378,5.0,-10.568,0.0,0.0572,0.879,0.000336,0.0855,0.235,138.045
02I7vfIFTFBd3TlysvBUqv,Break Up Song,MarMar Oso,0.688,0.456,7.0,-9.682,1.0,0.0433,0.392,0.0,0.0925,0.779,140.076
4h5N4KyWZMtpeH9vhXSXjd,Life's A Mess (feat. Halsey),Juice WRLD,0.63,0.446,1.0,-8.9,1.0,0.0351,0.337,0.0,0.166,0.177,143.078
7m9OqQk4RVRkw9JJdeAw96,Jocelyn Flores,XXXTENTACION,0.872,0.391,0.0,-9.144,0.0,0.242,0.469,4.13e-06,0.297,0.437,134.021
1Zv2jT7iZu98Feqpzhn0nd,(i hope you) miss me,Joseph Black,0.734,0.596,6.0,-10.023,0.0,0.324,0.118,0.0,0.107,0.317,98.024
7j0He3HOaCTWLG7IRQr33p,Psycho! (Remix) (feat. Trippie Redd),MASN,0.871,0.525,7.0,-4.957,1.0,0.0512,0.297,0.0,0.184,0.547,115.01
0S0vWvyZ6Rc79TXkWxT9QA,Save That Shit,Lil Peep,0.534,0.583,2.0,-8.672,1.0,0.0288,0.0262,0.0,0.421,0.145,105.997
0SQS6U9RfjA4Nph4JcMpU8,alive,guardin,0.217,0.89,6.0,-4.273,1.0,0.0617,3.44e-05,0.0,0.13,0.111,143.979
1FIv5SzIBWmCF5Xmt8N6BD,Comatose,jxdn,0.351,0.852,11.0,-5.104,0.0,0.343,0.00462,0.0,0.451,0.556,162.005
5A5I22otsloR7rmsiIq0R8,HighSchool,ION LIL GUT,0.712,0.668,4.0,-8.526,0.0,0.0386,0.0501,0.0,0.253,0.217,86.018
5IrC1UAnYw3SyfV9ER03ON,candy,guccihighwaters,0.644,0.595,6.0,-5.824,0.0,0.0371,0.472,0.0,0.125,0.31,82.561
7y7w4tl4MaRC2UMEj1mPtr,Come & Go (with Marshmello),Juice WRLD,0.625,0.814,0.0,-5.181,1.0,0.0657,0.0172,0.0,0.158,0.535,144.991
3ee8Jmje8o58CHK66QrVC2,SAD!,XXXTENTACION,0.74,0.613,8.0,-4.88,1.0,0.145,0.258,0.00372,0.123,0.473,75.023
5KeeYJwyjXzCxtfKYqSNNw,All Along,Iamjakehill,0.634,0.663,10.0,-7.993,1.0,0.0332,0.298,0.0,0.15,0.848,154.043
7eJMfftS33KTjuF7lTsMCx,death bed (coffee for your head),Powfu,0.726,0.431,8.0,-8.765,0.0,0.135,0.731,0.0,0.696,0.348,144.026
0sFqD0Mxcv3QLVyrWEddJ0,Just Like You Do,SadBoyProlific,0.707,0.334,1.0,-15.185,1.0,0.0907,0.628,0.135,0.157,0.103,127.973
0CmoisdB4maBgLV5MajnL4,"No Service In The Hills (feat. Trippie Redd, Blackbear, PRINCE$$ ROSIE)",Cheat Codes,0.542,0.739,7.0,-4.857,1.0,0.0395,0.00445,0.0,0.306,0.338,156.074
4aPzU7jCuoBibw6zGuzRdq,Drugs,Landon Cube,0.613,0.719,9.0,-7.312,0.0,0.0376,0.119,0.0,0.112,0.613,129.946
6ojH8y0rDpVoV1sA3IRB7I,Friends,Ollie,0.691,0.435,4.0,-7.65,0.0,0.0761,0.393,0.0,0.129,0.273,144.038
5Kjz86OFAoN6D4kF1BTSEc,Moon & Stars (feat. Maggie Lindemann),$NOT,0.713,0.47,9.0,-8.698,1.0,0.0864,0.606,1.35e-05,0.306,0.0825,84.518
5GWAraPLRsJ5EFMzqo0C3g,I Can't Sleep,POORSTACY,0.624,0.656,2.0,-5.161,1.0,0.0388,0.00882,0.0,0.122,0.253,135.001
4jvjzW7Hm0yK4LvvE0Paz9,Falling Down - Bonus Track,Lil Peep,0.669,0.574,4.0,-6.442,0.0,0.0286,0.0175,0.00294,0.146,0.273,120.013
4I2OzZX4LjwlTOVGACuyFr,Never Get Away,LiL Lotus,0.596,0.785,10.0,-6.896,1.0,0.0455,0.0192,0.0,0.125,0.411,168.037
2Hb0xOroIPtuunNoCwKtmt,I Hate Love,Justin Stone,0.7,0.748,1.0,-7.764,1.0,0.0508,0.0483,1.21e-06,0.111,0.16,130.012
7iHHxY2NLlJRAmlAmC4ahQ,Stuck In A Dream (feat. Gunna),Lil Mosey,0.748,0.648,10.0,-6.445,0.0,0.0816,0.484,0.0,0.126,0.726,139.952
7uHRKSQ9WIlBBuBY7BHcbq,Forever,ilyTOMMY,0.613,0.339,5.0,-14.908,0.0,0.135,0.678,0.0,0.166,0.292,106.582
2Yr2BzqNDpIh0YQcnFqM09,VOICES (feat. XXXTENTACION),Skye,0.678,0.672,0.0,-5.688,1.0,0.0302,0.00959,0.0,0.0868,0.625,136.933
4zsYVlQE4mCI6eyKRYJ0db,highschool,guccihighwaters,0.731,0.736,0.0,-4.979,1.0,0.0463,0.615,0.0,0.1,0.602,130.07
2NSWi83peog6gHerzlMCqU,Love Me More,Trippie Redd,0.638,0.539,10.0,-5.853,1.0,0.0504,0.22,0.0,0.241,0.247,83.381
4F8X7mErB9YgoRSzcWY1cB,Doormat,guardin,0.51,0.565,0.0,-6.338,1.0,0.092,0.242,2.05e-05,0.111,0.312,129.953
4TnjEaWOeW0eKTKIEvJyCa,Falling,Trevor Daniel,0.785,0.431,10.0,-8.756,0.0,0.0364,0.123,0.0,0.0887,0.236,127.085
3Z9vR8JrHFyyjB0JoHzx6p,Pretty,Landon Cube,0.679,0.853,0.0,-5.289,0.0,0.0659,0.195,0.0,0.132,0.767,76.064
2L2mNkEWo818IE4fKbnP0O,Would Look Perfect,Powfu,0.788,0.537,9.0,-4.966,0.0,0.107,0.844,0.0,0.117,0.434,85.03
378yquDsw6F67Dgq9tnQ0X,Sideshow,Jutes,0.645,0.844,1.0,-5.783,1.0,0.086,0.0168,0.0,0.0957,0.756,160.049
4wahNV62aYCgZznvvEr2L1,Ball,Eryn Martin,0.589,0.551,7.0,-8.822,0.0,0.0517,0.0824,0.000565,0.122,0.13,82.487
6JzZwGyrjWIAZrVoAjSMw2,Safe Zone,Lonr.,0.752,0.409,10.0,-5.671,0.0,0.0297,0.37,0.0,0.136,0.243,132.105
35b2aICqZwjqrS7eKAzrjE,Reasons,COTIS,0.756,0.738,8.0,-5.537,0.0,0.035,0.0138,0.0,0.137,0.467,113.017
4mHgYpuGHu99Mw69E83CP2,Taking A Walk,Trippie Redd,0.767,0.538,0.0,-6.044,0.0,0.052,0.68,0.0,0.192,0.343,81.031
2A9kA2hTBbvd11zC4EJUNy,On My Own,Kyle the hooligan,0.57,0.718,5.0,-5.169,0.0,0.0385,0.0129,0.0,0.12,0.676,171.984
694vvR5o19xHPhhJ5QdLN7,NO HALO,BROCKHAMPTON,0.643,0.573,4.0,-7.034,1.0,0.0709,0.41,0.00017,0.0695,0.47,165.192
3TBKXtDKPVlL9dN6Am297J,Feather (feat. Finn Askew),Lost Kings,0.758,0.625,2.0,-6.602,1.0,0.0406,0.308,1.91e-05,0.135,0.452,140.884
4vTAKiVdz7iSVJcKPjvAk4,Blackout,Jaden,0.45,0.473,11.0,-8.997,0.0,0.0476,0.354,0.00295,0.0843,0.17,133.926
6baV0bSCJuC1lQcIsi25NN,Start Over,Jutes,0.612,0.66,7.0,-5.839,0.0,0.0428,0.0811,2.92e-06,0.107,0.458,89.962
1YEwBpbhJ8KCNaQTGAL6mM,tell me that you miss me,shattered,0.602,0.547,8.0,-7.294,1.0,0.0535,0.0312,1.15e-06,0.109,0.201,99.847
1uxDHAH3cPPg5tmzcoDAIH,make up,POORSTACY,0.781,0.474,0.0,-7.436,1.0,0.24,0.119,0.0,0.0685,0.584,87.615
18lLws8BLoDdmN9wsBB1Ww,Bloody Sneakers,Jared Anthony,0.873,0.509,4.0,-7.9,1.0,0.0923,0.115,0.0,0.0873,0.543,109.997
3EuboVouVRc9CqSZIAFA2a,Damaged,august brodie,0.684,0.596,5.0,-6.418,1.0,0.12,0.0586,1.05e-06,0.122,0.444,147.027
0oH0OIeKJSAT5bdFkbz20A,Havin My Way (feat. Lil Durk),Lil Skies,0.802,0.737,6.0,-4.862,0.0,0.0757,0.275,0.0,0.113,0.712,127.014
3hIjvZ64lMlOQ4iOKUZ1nv,Home,Austin Patten,0.796,0.527,9.0,-8.493,1.0,0.0431,0.318,0.0,0.0927,0.374,106.002
08qoOpiAcRX5GsdnsrjUUQ,Hate My Life,Dutch Revz,0.644,0.621,1.0,-7.771,1.0,0.037,0.75,1.26e-06,0.102,0.269,119.997
2DaU44ilSPYqUI5T998EBI,Watch Me Wither,Iamjakehill,0.702,0.604,11.0,-7.819,0.0,0.0276,0.278,3.3e-06,0.138,0.404,130.059
0edK7iJKqsWgVCpLGIQ8mF,Voices,12AM,0.644,0.727,4.0,-5.878,0.0,0.0445,0.00965,0.0,0.159,0.0964,85.033
2MvxhedNhxhj32eVQJnmII,Rockstar Shit,BLIND.SEE,0.916,0.445,7.0,-7.143,1.0,0.571,0.0179,1.84e-06,0.381,0.0519,140.124
4c9opTcbXuZ8DAbdVF8Kya,Empty Room,POORSTACY,0.386,0.759,10.0,-6.645,1.0,0.059,0.00106,2.48e-06,0.419,0.657,219.948
72D79mMBu1fs0DbnUU7Ecq,Can You Help Me,$NOT,0.673,0.477,10.0,-8.258,1.0,0.0705,0.538,0.339,0.135,0.509,179.934
0n9OEnwslUYp35GIPC4gV3,Save Me,Promoting Sounds,0.628,0.613,4.0,-7.209,0.0,0.0705,0.0271,0.0,0.291,0.218,170.075
32ypPhtgTaETvFn3ZIHXTW,Fade Away,The Kid LAROI,0.726,0.414,9.0,-12.296,0.0,0.269,0.406,0.0,0.0713,0.47,150.009
00okrW9OfjmG0PZJSY3fJd,Stay Away (feat. Machine Gun Kelly & Goody Grace),MOD SUN,0.667,0.636,8.0,-5.669,1.0,0.082,0.022,0.0,0.0908,0.152,158.058
1dRA0qovocsVf2UbZEwm1L,I Can't Sleep,Tom MacDonald,0.637,0.779,0.0,-7.27,0.0,0.162,0.044,0.0,0.106,0.22,85.899
2J3z8ARclylMrFZ0VS9HPL,realtree,boyband,0.636,0.699,0.0,-7.759,1.0,0.0398,0.00337,0.0,0.503,0.12,127.022
6B2RbPOuwAKtxNAnIKY63A,24,Arizona Zervas,0.735,0.794,0.0,-3.434,1.0,0.193,0.156,0.0,0.11,0.46,147.98
3fKdTr6Uv8HTb92Ih3QWxa,Pretty Girls,iann dior,0.732,0.511,6.0,-6.779,1.0,0.0541,0.276,0.0,0.0916,0.62,96.946
5QZKcQDp0tCcvMdyqEciBV,Tommy Lee (feat. Post Malone),Tyla Yaweh,0.457,0.621,10.0,-5.923,1.0,0.138,0.218,0.0,0.0944,0.634,85.359
6Eebx1HXVJGjfMsTLAlqL1,Tear Drops,Eazy Mac,0.707,0.579,9.0,-9.683,1.0,0.0781,0.0147,0.00135,0.111,0.133,82.505
1b2C65g0kgbybIAeKCxRYl,Dreamer,Trippie Redd,0.534,0.668,6.0,-4.55,0.0,0.0351,0.0975,0.0,0.191,0.326,119.965
2t7D3y0jvYjR8IP9Bosyew,GO (feat. Juice WRLD),The Kid LAROI,0.544,0.744,6.0,-5.007,1.0,0.0889,0.185,0.0,0.336,0.572,73.699
4RB4p9IJ4cktm4p8c7hVlx,he doesn't love her,Brevin Kim,0.398,0.55,9.0,-4.909,0.0,0.0375,0.462,0.0,0.119,0.119,99.663
1b5bD9RZ2KFv34O9Dn5NNr,Drop A Tear (feat. Lil Baby),Bankrol Hayden,0.542,0.641,6.0,-6.746,0.0,0.377,0.0724,0.0,0.108,0.425,148.234
0SVZFshHJ4R1ak6GgVTy0w,Selfish,august brodie,0.459,0.711,7.0,-7.18,1.0,0.142,0.48,0.0,0.081,0.22,73.76
0btSTnL3gJSP9EYFEzGqof,Lose It,Steven Moses,0.678,0.621,9.0,-6.809,0.0,0.146,0.477,0.0,0.156,0.415,82.128
10gP0juQBBD69DRZQu8mWd,THE WORST,benny mayne,0.737,0.721,0.0,-6.195,1.0,0.0541,0.00464,0.0,0.131,0.456,124.029
2MyF6gLfTUve0eXR9rWbcI,Nascar Shawty,Yung Pinch,0.791,0.648,0.0,-6.499,1.0,0.132,0.676,0.0,0.107,0.963,140.027
3qXSVY2nYa8WwQ71K2iuJl,Luck,Appleby,0.635,0.13,3.0,-18.35,1.0,0.0311,0.84,0.259,0.12,0.293,100.0
4zsTtMAIEQMUDMo0kz9v7X,half a heart,Sky McCreery,0.66,0.277,0.0,-10.857,1.0,0.0646,0.93,1.07e-05,0.11,0.144,71.96
1eCTQhsNA31FcwyNcJcf86,"Eyes Blue Like The Atlantic, Pt. 2 (feat. Powfu, Alec Benjamin & Rxseboy)",Sista Prod,0.702,0.616,6.0,-4.903,1.0,0.326,0.686,0.0,0.145,0.507,80.482
0WUEI3wb6ei1gRvCJChfxA,Tell Me,Era,0.496,0.258,3.0,-10.709,1.0,0.0465,0.878,7.2e-05,0.323,0.24,117.654
4xqrdfXkTW4T0RauPLv3WA,Heather,Conan Gray,0.357,0.425,5.0,-7.301,1.0,0.0333,0.584,0.0,0.322,0.27,102.078
5YVuTCLDxjS8pORppZhNsf,disappear,eli.,0.565,0.467,5.0,-7.741,0.0,0.0485,0.643,0.0,0.103,0.116,112.499
18UsAG7SfOQ5sxJEdjAMH0,Be My Mistake,The 1975,0.572,0.155,6.0,-14.405,1.0,0.0344,0.835,0.000137,0.0906,0.0949,109.923
6YTUGuz1IzqKFpNm0yGQws,I Wouldn't Ask You,Clairo,0.363,0.376,1.0,-10.95,1.0,0.0515,0.706,0.0144,0.0841,0.242,133.76
6CcJMwBtXByIz4zQLzFkKc,i love you,Billie Eilish,0.421,0.131,0.0,-18.435,1.0,0.0382,0.952,0.00453,0.109,0.12,137.446
3ehrCQoouv7NW8LRgcMvRF,is your bedroom ceiling bored? (feat. Cavetown),Sody,0.616,0.45,6.0,-9.832,1.0,0.114,0.529,1.58e-06,0.0926,0.195,123.851
1uwl2FmnR4ux7sMkxDJ4xH,Maybe i'm alone,Yaiko Kaori,0.5,0.322,6.0,-15.58,0.0,0.361,0.764,0.555,0.648,0.263,158.708
4ZUv5GgKcziw6ZjyxUfudU,Sweet Hibiscus Tea,Penelope Scott,0.629,0.221,5.0,-10.734,1.0,0.0521,0.87,0.0,0.291,0.602,110.541
4gHhyvZlruoCYjc0mL68zB,backyard demo,mimi bay,0.397,0.0301,11.0,-20.423,0.0,0.0349,0.994,0.1,0.109,0.191,140.187
6jdb9jH5tirekMPG88vdSr,Balloon Boy,Angus Maude,0.757,0.286,6.0,-10.781,1.0,0.0628,0.802,0.0,0.106,0.334,120.221
4WhpjIKKkQlFmbsYQIuJxO,Emotionless,Crisaunt,0.701,0.508,6.0,-9.391,0.0,0.0455,0.483,0.00526,0.129,0.539,83.974
3mRWkQTwau3cl5u2WYE2pt,I Think There's Something You Should Know,The 1975,0.624,0.787,5.0,-9.481,1.0,0.0601,0.0164,0.317,0.194,0.136,123.475
1fR0OgT4b0bRTSzpktLal0,Southern Stars,Foxpaw,0.474,0.31,11.0,-10.822,0.0,0.0307,0.674,0.485,0.128,0.777,150.066
6t4divRE212ilshlDo88AH,idk,Kaxi,0.804,0.329,2.0,-11.921,1.0,0.176,0.608,2.13e-06,0.109,0.24,80.038
1eDV0CBLI89ANm4p2hRves,Thoughts of the Night,INNR CIRCLE,0.657,0.44,1.0,-9.227,0.0,0.0522,0.755,7.07e-05,0.22,0.644,91.96
4K3gM7kzX4POAfrs71HomN,Lookalike,Conan Gray,0.434,0.302,10.0,-10.117,1.0,0.0378,0.766,7.63e-06,0.149,0.173,121.645
6vOasXD4uE6zEPgcXD86Tq,If You Leave,Sky McCreery,0.562,0.0832,6.0,-14.119,0.0,0.0688,0.906,0.000341,0.241,0.0624,134.462
5QzDdJw3jmNtb2VbO3NSwA,scars,ghost punk,0.406,0.369,7.0,-13.737,0.0,0.209,0.674,0.953,0.0707,0.0749,164.195
0D2bQ8QLRSLeyuvEhSuaDD,more,keshi,0.568,0.7,5.0,-5.159,1.0,0.0378,0.561,0.0,0.378,0.377,79.991
091BHawNKMMYOPh1W2N4jr,When I'm No Longer Here,yaeow,0.779,0.288,1.0,-12.991,0.0,0.447,0.613,0.00443,0.105,0.517,124.897
5RpZBENYCjZE7t9M823v0S,Malleable,Max Leone,0.688,0.476,8.0,-6.56,0.0,0.0311,0.638,0.0128,0.109,0.276,150.051
07c66SO9kYqa5GSmvLsQZy,Smoke Signals (feat. Tessa Violet),Cavetown,0.573,0.16,8.0,-16.587,0.0,0.037,0.933,0.000111,0.109,0.246,104.708
6GyNzLfyPlqOanu8S31vaH,Hate Me!,MASN,0.684,0.622,6.0,-6.523,1.0,0.117,0.66,0.0,0.107,0.335,142.05
6e5UOAU8hWJq7FKbHGPp2y,Under / Over,Gracie Abrams,0.776,0.453,11.0,-8.36,1.0,0.136,0.77,6.13e-05,0.126,0.562,158.0
1dBdrCDwt8Fxheqzb8xXDt,Zach's Ballad,Peter Manos,0.676,0.17,9.0,-13.2,1.0,0.0335,0.911,0.000242,0.119,0.285,110.008
45FYSVH7wTmZuOhsAB9YPI,Meant to Be,Snøw,0.792,0.661,0.0,-5.305,1.0,0.0406,0.362,0.0418,0.252,0.6,91.504
6zHP0OCcZYtxumAqmRuIXk,Home for the Summer,Sara Kays,0.682,0.531,4.0,-9.865,1.0,0.0466,0.785,0.000266,0.102,0.407,126.981
3MGozJX0jp6ynA97MDwOUU,BOGU$,Annalise Azadian,0.802,0.413,5.0,-10.111,0.0,0.0858,0.604,0.000193,0.111,0.276,117.907
7xG9bhLJONG5W78hjojWtj,denial,Julius,0.552,0.447,10.0,-8.422,1.0,0.0311,0.876,0.397,0.127,0.295,140.063
69DfM1A9NRoGDNfZsdWHRY,Elastic,Brandon,0.444,0.174,9.0,-12.177,1.0,0.0333,0.927,0.000157,0.118,0.205,139.687
2qgXNUKWcCcXjRo2aMLjBa,Ego,Scruffpuppie,0.431,0.188,0.0,-9.965,1.0,0.0252,0.613,8.28e-05,0.105,0.0446,78.172
0653Mr19pKTqIehqHP9KKh,outside,gnash,0.743,0.177,8.0,-18.111,1.0,0.264,0.721,0.0,0.138,0.462,68.95
1G9YZPtxUGfl1yVw7kq4yc,minor,Gracie Abrams,0.705,0.281,2.0,-7.991,1.0,0.0863,0.856,0.0,0.117,0.211,84.882
3MYK6ntXfrWE4PZg1MmdVN,Hookup Culture,Hojean,0.659,0.359,0.0,-8.336,1.0,0.0249,0.77,0.0,0.22,0.261,78.977
1YUWrIxYwmcrp30xtA9ZQ8,summer nights,Snøw,0.504,0.518,6.0,-7.62,1.0,0.0374,0.236,0.0,0.396,0.346,145.093
6bXwhR6F9tgI3TtgiwSBYj,Your Ghost,4ever Falling,0.368,0.125,0.0,-16.951,1.0,0.0508,0.984,3.52e-05,0.105,0.248,118.352
6xKmHTA27EgOhWXIRppr32,Pancakes for Dinner,Lizzy McAlpine,0.753,0.266,11.0,-11.453,1.0,0.0478,0.759,0.0,0.11,0.321,142.026
0Vuivr9LBX6ZQtshFmBM03,Why Don't I Care?,gglum,0.302,0.142,3.0,-17.533,1.0,0.0315,0.701,0.0949,0.144,0.0757,68.559
3UsCeel9NuKKmpls5B4osK,Do You Ever Think of Me?,yaeow,0.771,0.253,1.0,-13.368,1.0,0.182,0.7,0.0,0.0627,0.662,129.944
2ohheZzavZxvs6Gm3o8EUS,Bubble,rei brown,0.7,0.537,1.0,-6.932,1.0,0.0339,0.569,0.159,0.131,0.567,147.978
3hnj2130ThmuKOthw825PD,Brittle,Char Chris,0.617,0.0798,0.0,-17.707,1.0,0.032,0.935,0.000327,0.109,0.0916,89.987
5JzhtNahrk4YvntIa7jGNp,September 13th,Jess Benko,0.839,0.014,0.0,-24.052,1.0,0.0754,0.925,0.0,0.103,0.211,100.051
0xIxUesRUXMlX1zYitECjs,Silhouette,Sky McCreery,0.658,0.249,9.0,-14.812,1.0,0.0794,0.912,0.00238,0.0893,0.0391,118.007
4UYeZa4OZYSpH6D0COt9my,haircuT,COLETON RUBIN,0.744,0.252,7.0,-15.563,1.0,0.058,0.866,0.000947,0.107,0.524,83.026
7CIUvrs3v8owdrZTRey7RV,blue jeans,familypet,0.607,0.497,9.0,-9.665,0.0,0.0333,0.134,0.0152,0.345,0.357,89.957
2JcMKZhCd5RwcwRbEG58wu,"a world of chaos (feat. Rxseboy, Jomie & Ivri)",Powfu,0.777,0.457,4.0,-6.525,1.0,0.0823,0.481,0.0,0.114,0.652,136.037
3uG6rdUthcTvbK70fwkPky,Body,Jordan Suaste,0.359,0.324,7.0,-8.687,1.0,0.0381,0.629,0.0,0.0649,0.326,98.024
5lbdxt9C6rsELTimTkyMn8,I Need U,yaeow,0.402,0.405,9.0,-12.486,1.0,0.0713,0.513,0.0167,0.155,0.072,84.873
7mtVTmh197xn1JYcZekASZ,Love Me Like a Fool,Lokel,0.634,0.29,8.0,-12.287,0.0,0.0619,0.0928,0.0628,0.107,0.34,114.957
3XIsyH2KHrcPCkE8wkcKX6,Breadcrumbs,Andy Leon,0.423,0.147,1.0,-14.855,1.0,0.0323,0.867,4.32e-05,0.0686,0.236,126.923
3xiNoKG659HRaQwOoE7bHF,say those things,eli.,0.784,0.353,4.0,-6.755,1.0,0.0377,0.531,4.51e-06,0.292,0.442,130.162
0hVZCUZKWsWFU6i5zlRZZr,Supalonely (Lownely),BENEE,0.696,0.338,7.0,-8.611,1.0,0.037,0.888,2.85e-05,0.182,0.204,115.007
4ZLzoOkj0MPWrTLvooIuaa,Get You The Moon (feat. Snøw),Kina,0.498,0.235,1.0,-16.541,0.0,0.188,0.72,0.0,0.144,0.0895,118.917
7EurJLsr9GPEp8Aq5LJvOK,Somewhere in Ann Arbor,Anson Seabra,0.566,0.153,1.0,-14.133,1.0,0.0399,0.932,2.59e-06,0.0946,0.399,90.493
3bmgfeipIJSaOQRCm921Q6,Good on My Own,Jomie,0.501,0.707,0.0,-5.331,1.0,0.414,0.588,0.0,0.327,0.499,159.755
3aNYisjLM8Wheus3XR7RZb,Blade Of Hope,Leo Bhanji,0.618,0.535,0.0,-11.418,1.0,0.488,0.891,0.105,0.0799,0.327,165.932
5HkDr6w8kst095gAP09k8C,Just a Little Bit Lonely,yaeow,0.458,0.488,2.0,-11.546,1.0,0.0554,0.931,0.248,0.333,0.593,93.14
0xhMIv4WasTVRl951qRXhh,Too Much,Lokel,0.729,0.397,1.0,-9.063,1.0,0.0401,0.181,0.663,0.097,0.375,76.014
1WBInECBaOJMhYmxWkz510,Putting a Spin on Sweater Weather,Egg,0.502,0.0631,10.0,-21.59,1.0,0.0534,0.992,0.00766,0.0973,0.13,75.6
3N5Ez4Xd5SIRBUh3eZ4C7s,Weep,Brandon,0.698,0.116,2.0,-12.287,0.0,0.0365,0.894,8.54e-05,0.0998,0.254,124.1
0MztsqxURlitrtr1Ruu0uw,Ugly,Deb Never,0.767,0.509,0.0,-7.331,1.0,0.0847,0.0872,8.79e-06,0.13,0.143,142.942
0gDKiMAurqJFzRKEKUOVbE,"From Me, the Moon",Lav,0.556,0.0179,0.0,-28.603,1.0,0.0383,0.995,0.16,0.0684,0.152,99.418
5OCgxL9wr0gLTiBE6525Ma,Growing Up,Christian Alexander,0.881,0.28,0.0,-9.29,1.0,0.15,0.515,0.00818,0.0672,0.583,72.521
4W8sUeokQKfHt1uTXp0Jq0,Broken,Lund,0.83,0.583,0.0,-2.052,1.0,0.0412,0.0563,0.0005,0.109,0.146,134.0
47EWMOElkkbMp5m9SBkx7d,IDK You Yet,Alexander 23,0.629,0.306,1.0,-11.735,1.0,0.0424,0.884,0.0776,0.124,0.191,76.994
39aTqaiVKvYoPgW828eWUQ,Those Brown Eyes,ohsobrkn,0.505,0.586,10.0,-12.012,1.0,0.769,0.667,1.02e-05,0.116,0.736,76.999
18WI5LEikfhXo606KbapYf,blue,the bootleg boy,0.707,0.314,6.0,-14.06,0.0,0.0377,0.646,0.0288,0.186,0.335,114.978
0qxcxet7ALr8LEB04dCila,regrets,TruePilot,0.465,0.392,9.0,-12.305,1.0,0.186,0.362,2.12e-05,0.537,0.336,77.413
24iOFsulTYMdH8t5EuF9RU,Missing with Reality,Timmies,0.778,0.0694,1.0,-13.287,0.0,0.19,0.408,0.00124,0.172,0.151,69.99
429NtPmr12aypzFH3FkN9l,Coffee,beabadoobee,0.532,0.137,9.0,-18.208,1.0,0.0717,0.982,0.962,0.112,0.301,118.734
0BIdtZ1RdHNAm1aJxbfyNk,Wavvy,Lav,0.548,0.31,2.0,-10.03,0.0,0.0328,0.561,0.563,0.0774,0.0875,139.675
1fgC2MHbJnPgvDfdTpC62c,Feel Again (Feat. Au/Ra),Kina,0.487,0.384,5.0,-10.594,1.0,0.0587,0.24,0.0,0.124,0.224,78.138
6HeCk6yewXH7WO4D93eub9,Ruthless (Nice Guys Always Finish Last),MarMar Oso,0.724,0.269,5.0,-15.465,1.0,0.0456,0.388,0.0,0.0808,0.866,86.042
4sSu9BtWSCWRNjGD2AvqbG,Psycho!,MASN,0.868,0.365,7.0,-9.51,1.0,0.0383,0.433,0.0,0.207,0.471,114.979
0jltLZz2X5uuBNY4ujWafX,Quarantined from My Love,ohsobrkn,0.879,0.51,6.0,-9.001,1.0,0.346,0.194,0.0,0.605,0.557,139.956
4P1L6AniTDJzANaubzWGYs,I'm Not Enough and I'm Sorry,Teqkoi,0.698,0.183,8.0,-20.188,1.0,0.299,0.462,0.000424,0.335,0.244,143.96
65gamarWLet1XzenwaeMVt,Euphoria.,James Curry,0.697,0.51,11.0,-10.46,0.0,0.091,0.481,0.0028,0.134,0.161,80.042
3l3lUyNu5zh6H6uByc5Xnr,If I Really Love You,Lexi Jayde,0.498,0.241,0.0,-14.096,1.0,0.0324,0.776,2.51e-05,0.113,0.131,121.848
6mYnhUDS5mJ00d4vCcXaXa,I think I love u,Lemonah,0.845,0.125,5.0,-14.871,0.0,0.0894,0.957,0.745,0.0609,0.787,89.971
7eJMfftS33KTjuF7lTsMCx,death bed (coffee for your head),Powfu,0.726,0.431,8.0,-8.765,0.0,0.135,0.731,0.0,0.696,0.348,144.026
6BI0Na9AtisZ3PpkPqEeXk,dropout,brakence,0.752,0.273,1.0,-11.269,1.0,0.138,0.445,0.0,0.155,0.629,141.039
1eVNC3w8fJQYRm8T6anCEd,At Night I Miss You the Most,Jordy Chandra,0.445,0.151,0.0,-19.349,1.0,0.0327,0.963,0.195,0.0876,0.187,143.765
1kAkUHFb7ryeVkVSRD6Nkj,Wish I Was Better,Kina,0.732,0.304,0.0,-13.086,0.0,0.111,0.747,6.13e-05,0.143,0.185,139.965
57Cb3vwdsyb3w8LsYcQXSj,You Know That I Don't Play,Shiloh Dynasty,0.565,0.54,7.0,-13.989,1.0,0.442,0.953,0.0184,0.12,0.421,78.38
1oNMceptUaTWuOmJl1UCqH,like crazy,Aidan,0.581,0.298,10.0,-13.46,0.0,0.0485,0.86,3.84e-06,0.111,0.0895,64.9
45bE4HXI0AwGZXfZtMp8JR,you broke me first,Tate McRae,0.642,0.374,4.0,-9.386,1.0,0.0545,0.786,0.0,0.0906,0.0799,124.099
1vMG36UC8imqUWv20ycx54,Angel,vict molina,0.546,0.0327,10.0,-31.214,1.0,0.0311,0.87,0.0116,0.0861,0.468,160.245
7BrbGr8S8rjrnlGLqtfFwA,i still think of you,the bootleg boy,0.575,0.193,2.0,-15.494,1.0,0.179,0.951,0.0443,0.156,0.308,118.589
5PqreNOgHtz0JusSoeitaF,im used to it,Powfu,0.647,0.341,0.0,-8.51,1.0,0.0382,0.752,0.0,0.102,0.337,79.072
2JFIniB5VkK453yM5KkDLX,Darya,Sk8dumpling,0.74,0.228,4.0,-16.764,0.0,0.0387,0.899,0.225,0.116,0.243,99.938
2hkrK4tbCWGhUlF0rtQzBs,i don't wanna fall in love,XINCLAIR,0.636,0.469,2.0,-10.334,1.0,0.385,0.747,0.0,0.05,0.603,160.071
0Yzq98PNZxKoxjuEC2btuR,Love Me,Zaini,0.719,0.37,11.0,-11.092,1.0,0.0468,0.172,0.000182,0.194,0.606,135.035
7kXrgwCo0BFVFzVZ3OkkFp,love you still,itssvd,0.776,0.225,3.0,-18.948,0.0,0.0416,0.871,0.046,0.0941,0.354,112.009
4h5zEG7WC0F2NhPKyiiOhG,change,aesthetic boi,0.381,0.485,10.0,-15.981,1.0,0.652,0.868,1e-05,0.417,0.29,83.379
5ExF5CiCtQw2CYeJlDMvpO,I Can't Get Over,SEA,0.546,0.547,8.0,-7.902,1.0,0.0348,0.471,0.0,0.113,0.288,113.862
11dOflbG7PpOepza4U553L,falling,C H O I S I E S,0.8,0.49,9.0,-7.972,1.0,0.132,0.638,0.928,0.107,0.402,129.999
4xqrdfXkTW4T0RauPLv3WA,Heather,Conan Gray,0.357,0.425,5.0,-7.301,1.0,0.0333,0.584,0.0,0.322,0.27,102.078
0tMSssfxAL2oV8Vri0mFHE,listen before i go,Billie Eilish,0.319,0.0561,0.0,-23.023,1.0,0.045,0.935,0.00384,0.388,0.082,79.764
6700Z4Izi8EbB6JNthU6Ma,Hold Me While You Wait,Lewis Capaldi,0.688,0.53,11.0,-5.507,1.0,0.0333,0.443,0.0,0.0995,0.162,106.958
0gySkOOewOdZtHG8stPEB8,Young & Sad,Noah Cyrus,0.618,0.428,7.0,-8.5,0.0,0.038,0.592,0.0,0.192,0.359,142.021
1tF7RL54zjHSy0N2qEQLDY,"I miss you, I’m sorry",Gracie Abrams,0.617,0.451,7.0,-6.096,1.0,0.0481,0.734,1.56e-06,0.128,0.161,109.757
0Eqg0CQ7bK3RQIMPw1A7pl,Malibu Nights,LANY,0.559,0.422,11.0,-11.89,1.0,0.195,0.701,1.99e-06,0.0853,0.191,74.002
3i4CFXy3ezQZEt8V0GA7Uh,Drop Dead,Holly Humberstone,0.577,0.393,0.0,-7.322,1.0,0.038,0.586,0.000181,0.0927,0.132,89.858
7KKamdf8oLVz1eFcNRjvnq,we'll be fine,Luz,0.563,0.382,10.0,-11.138,1.0,0.0404,0.748,0.0,0.0714,0.197,120.802
1ZMiCix7XSAbfAJlEZWMCp,Falling,Harry Styles,0.567,0.267,4.0,-6.502,1.0,0.0299,0.839,1.46e-06,0.089,0.0592,110.011
45bE4HXI0AwGZXfZtMp8JR,you broke me first,Tate McRae,0.642,0.374,4.0,-9.386,1.0,0.0545,0.786,0.0,0.0906,0.0799,124.099
06qUEhhx6jKQmhj2qAkn4H,Trying My Best,Anson Seabra,0.561,0.0587,5.0,-17.819,1.0,0.0762,0.95,0.0,0.0828,0.342,143.027
1TQXIltqoZ5XXyfCbAeSQQ,Dancing With Your Ghost,Sasha Sloan,0.629,0.327,11.0,-8.285,1.0,0.029,0.761,2.96e-05,0.103,0.381,74.953
4AuYFl8wn6502LiHDTr0C9,tear myself apart,Tate McRae,0.487,0.5,9.0,-6.87,0.0,0.0277,0.212,0.0,0.117,0.31,85.985
5c1gKtJkR8dPjki25BU7Qz,hurt so bad,Cian Ducrot,0.461,0.452,2.0,-6.529,1.0,0.0366,0.337,0.0,0.269,0.282,168.074
49MMefftWPcltNP4OOJGSs,I Lost a Friend,FINNEAS,0.453,0.209,11.0,-11.917,1.0,0.223,0.587,0.0,0.119,0.216,169.316
1dBdrCDwt8Fxheqzb8xXDt,Zach's Ballad,Peter Manos,0.676,0.17,9.0,-13.2,1.0,0.0335,0.911,0.000242,0.119,0.285,110.008
74I76sDq0rPJV3FP4fq44d,Overused (feat. gnash),Clara Mae,0.503,0.525,0.0,-7.79,1.0,0.134,0.647,0.0,0.104,0.681,115.6
5JVlz4JCy3cv8pZB12sKJL,The Night We Met (feat. Phoebe Bridgers),Lord Huron,0.417,0.362,9.0,-11.109,1.0,0.0409,0.974,0.172,0.631,0.12,174.004
65tCdopbRv73fYFOL40ViN,i'm lonely,Luz,0.504,0.214,5.0,-10.747,1.0,0.0368,0.841,0.0,0.113,0.25,108.677
11MNmZqWEYAzIbrOQGSTCE,i don't think i love you anymore - Recorded at Electric Lady Studios NYC,Alaina Castillo,0.287,0.345,9.0,-7.827,0.0,0.0296,0.756,0.0,0.239,0.309,136.126
4PV0uE5pZSh44E3NqNNDEH,Selfish,Madison Beer,0.378,0.461,9.0,-6.202,1.0,0.0275,0.627,0.0,0.386,0.232,75.363
6CcJMwBtXByIz4zQLzFkKc,i love you,Billie Eilish,0.421,0.131,0.0,-18.435,1.0,0.0382,0.952,0.00453,0.109,0.12,137.446
3Cwx1w1QYOuMOlx7xDmLcQ,Can't Be Happy All The Time,Tones And I,0.463,0.24,7.0,-6.448,1.0,0.0606,0.541,0.0,0.165,0.245,84.175
75ZvA4QfFiZvzhj2xkaWAh,I Fall Apart,Post Malone,0.556,0.538,8.0,-5.408,0.0,0.0382,0.0689,0.0,0.196,0.291,143.95
2rPe95TgVgmyQokYu1FQ2K,Out of Love,Peter Manos,0.628,0.187,1.0,-16.576,1.0,0.0427,0.949,0.0513,0.0886,0.266,120.063
2MnxmLcFD2oezbJgBDw1y2,Don't Worry,The 1975,0.348,0.0934,1.0,-12.375,1.0,0.0388,0.924,0.0,0.114,0.356,90.766
1qFMIjTe9esCDiytqUY19t,i can't breathe,Bea Miller,0.347,0.209,11.0,-11.152,1.0,0.0273,0.893,0.00287,0.138,0.0735,82.878
6tNgjrWXWHx2zR52Q6qCLG,you were good to me,Jeremy Zucker,0.46,0.0834,2.0,-15.095,1.0,0.0433,0.909,1.98e-05,0.112,0.21,98.329
3WlbeuhfRSqU7ylK2Ui5U7,Snowchild,The Weeknd,0.55,0.611,0.0,-7.475,1.0,0.137,0.162,6.88e-05,0.121,0.243,148.062
3xijzRdlKYMuEQDVZTYlg9,Sometimes Things Just Fall Apart,Rence,0.697,0.53,0.0,-7.474,1.0,0.0413,0.253,0.0,0.598,0.408,117.971
7qEHsqek33rTcFNT9PFqLf,Someone You Loved,Lewis Capaldi,0.501,0.405,1.0,-5.679,1.0,0.0319,0.751,0.0,0.105,0.446,109.891
2k9N4caeCIJLOWwWwssrEM,Easily,Bruno Major,0.772,0.256,7.0,-8.545,0.0,0.0481,0.491,0.00612,0.144,0.357,118.902
5a6pdCHlWS2ekOOQ70QnAr,July,Noah Cyrus,0.708,0.186,9.0,-8.953,0.0,0.0422,0.868,0.0,0.0779,0.321,72.541
7EurJLsr9GPEp8Aq5LJvOK,Somewhere in Ann Arbor,Anson Seabra,0.566,0.153,1.0,-14.133,1.0,0.0399,0.932,2.59e-06,0.0946,0.399,90.493
7MZF7YLxOP2to9iblSulLc,Modern Loneliness,Lauv,0.702,0.508,8.0,-7.105,1.0,0.035,0.144,0.0,0.108,0.143,82.008
1v6svH1Fyx9C1nIt1mA2DT,All I Want,Olivia Rodrigo,0.376,0.43,0.0,-6.585,0.0,0.0328,0.0902,0.0,0.0912,0.129,77.599
13TMuxC8tdSfthXpHG9D26,1 SIDED LOVE,blackbear,0.584,0.42,8.0,-7.827,1.0,0.0322,0.236,0.0,0.119,0.283,90.051
7bdYxWPCs46dQ0XLwySOyv,better off,Jeremy Zucker,0.708,0.322,8.0,-12.46,0.0,0.0371,0.747,9.24e-05,0.137,0.46,98.892
3wD5R5grD04FKW0zsBuiKy,for life,Zachary Knowles,0.704,0.295,6.0,-11.083,1.0,0.0387,0.716,1.56e-05,0.133,0.427,130.011
6sHxpnCerm9M6A5zaFFNfs,Gone,Blake Rose,0.317,0.545,11.0,-6.439,0.0,0.0469,0.039,0.0,0.116,0.14,139.014
092bzgJ0IeH9sWMkBfVM9U,Can You Hear Me,Anson Seabra,0.432,0.038,0.0,-16.77,1.0,0.041,0.944,5.25e-06,0.384,0.311,89.865
55OUCSy92BYCmhjOuzFQcf,Used to You,Ali Gatie,0.505,0.537,10.0,-5.532,1.0,0.0278,0.137,0.0,0.145,0.194,131.988
1LdS1ULS9e18oW3M2C1MUj,"always, i'll care",Jeremy Zucker,0.784,0.278,6.0,-10.745,1.0,0.041,0.918,0.000196,0.112,0.741,105.034
58gP5qkmlYpon0AJ2tj6qy,lonely again,gnash,0.551,0.195,9.0,-13.638,0.0,0.085,0.489,0.0,0.0818,0.0573,143.978
6usQ5BOBsRY5Dc49kwXsTw,Cocaine,Pink Sweat$,0.455,0.228,5.0,-12.343,1.0,0.0364,0.836,0.0,0.106,0.142,118.499
6moU77g9RQyMzHNuKEaQKq,It's You,Ali Gatie,0.732,0.463,11.0,-6.972,0.0,0.0287,0.374,0.0,0.194,0.397,95.971
6qQ8a6M6o5mfj9wTdrbSgG,Older,Shallou,0.543,0.483,2.0,-8.222,1.0,0.0697,0.285,2.6e-05,0.155,0.183,142.851
4GGSmoTmc5LClrowB4SmEw,Mind Is A Prison,Alec Benjamin,0.637,0.661,5.0,-5.217,0.0,0.05,0.527,0.0,0.18,0.694,151.148
0BZsfEJL2gkAMDl8pL29kZ,Broken Man,Emmanuel Franco,0.347,0.341,7.0,-10.618,1.0,0.0321,0.762,0.0,0.177,0.441,93.197
7tPJM6VDtX0pvDcfoef9pj,I'm Sorry,Tiffany Day,0.698,0.346,6.0,-7.939,1.0,0.0475,0.622,0.0167,0.104,0.492,152.117
3H3r2nKWa3Yk5gt8xgmsEt,This City,Sam Fischer,0.602,0.377,11.0,-6.213,1.0,0.0446,0.731,0.0,0.0808,0.518,73.877
42MwPTHQWWe4WUNwvdUh6Q,Demons,Alec Benjamin,0.708,0.495,5.0,-7.496,0.0,0.0364,0.703,0.000115,0.34,0.761,142.926
47rks3vghBGi3B8q7ZIFkv,hungover & i miss u,gnash,0.926,0.418,6.0,-8.154,1.0,0.0471,0.37,7.78e-05,0.158,0.335,128.003
18ssFhD04lWo1RzpcohnrG,Anyone,Demi Lovato,0.557,0.387,11.0,-6.338,1.0,0.0374,0.876,0.0,0.111,0.317,129.98
2is19a6HY7ZdWP654IMhEE,Break My Heart Again,FINNEAS,0.402,0.151,4.0,-14.227,0.0,0.0395,0.907,0.0,0.0941,0.483,144.293
2b8fOow8UzyDFAE27YhOZM,Memories,Maroon 5,0.764,0.32,11.0,-7.209,1.0,0.0546,0.837,0.0,0.0822,0.575,91.019
7AFASza1mXqntmGtbxXprO,changes,XXXTENTACION,0.669,0.308,11.0,-10.068,1.0,0.029,0.883,0.0,0.0984,0.52,64.934
6ig2Qwsl83Jt2dc8YFDlY2,No One's Gonna Ever Love U,Delacey,0.566,0.219,7.0,-8.089,1.0,0.0332,0.372,1.16e-06,0.0921,0.155,139.929
1tT55K6VEyO6XFDxK4lDQe,In My Head,Peter Manos,0.499,0.181,9.0,-15.359,0.0,0.0429,0.745,0.00123,0.106,0.0747,111.956
1HfMVBKM75vxSfsQ5VefZ5,Lose You To Love Me,Selena Gomez,0.505,0.34,4.0,-9.005,1.0,0.0438,0.576,0.0,0.21,0.0916,101.993
4x6WqZyGxsdqbWmJhaoPwE,Miss You,GUS,0.57,0.638,7.0,-8.852,1.0,0.303,0.571,0.0,0.0906,0.489,74.716
1SoR3NCP3P9dtdoTnpPNi1,Broken,Anson Seabra,0.551,0.0754,6.0,-14.203,1.0,0.059,0.957,0.0,0.154,0.239,98.348
0UyljEbX9dqI1K0sqdv6B6,SLOW DANCING IN THE DARK,Joji,0.515,0.479,3.0,-7.458,1.0,0.0261,0.544,0.00598,0.191,0.284,88.964
7ozvM98YyrdyOBh1lItVHc,clementine,Halsey,0.533,0.437,3.0,-7.659,0.0,0.162,0.885,0.0,0.106,0.48,143.263
7iSEz0IIVF5H4KLXIm99Vk,Angel,FINNEAS,0.535,0.245,5.0,-12.53,1.0,0.0363,0.743,0.00338,0.298,0.238,130.133
377VZxggrGqZGSpQaTt6l2,Thank God,Sasha Sloan,0.591,0.237,11.0,-9.06,1.0,0.042,0.801,0.000246,0.0928,0.212,185.652
5hFGGQukKw4vKgxRg3KeBC,Words Ain't Enough,Tessa Violet,0.789,0.212,3.0,-11.85,1.0,0.0488,0.853,3.92e-05,0.107,0.25,110.527
6iewIywVK4V0SQfSCZonCR,"Resentment (feat. Sturgill Simpson, Brian Wilson & Wrabel)",Kesha,0.567,0.357,11.0,-8.201,1.0,0.032,0.754,1.22e-06,0.13,0.372,84.112
39jXnbACjiaiTwwhsr5sY5,Too Much To Ask,Niall Horan,0.443,0.533,0.0,-6.548,1.0,0.0396,0.371,0.0,0.128,0.201,77.344
0cM5MPgaVH4aHrxA85s7Gm,forgive,gnash,0.663,0.387,2.0,-10.385,1.0,0.0629,0.482,1.7e-06,0.137,0.286,78.033
78cIbVjU1xn7mbQ9i35avl,i think you're really cool,guardin,0.503,0.446,5.0,-6.279,1.0,0.0547,0.904,0.0,0.303,0.476,174.062
0GXnZ1eaJ2TmbFXrDX7pnU,When I Die,Alexander 23,0.526,0.446,9.0,-7.535,1.0,0.194,0.368,0.0,0.0728,0.522,147.894
48yUhAZGJb5WGSclZK1RAF,Same Room,JP Saxe,0.455,0.386,7.0,-10.883,1.0,0.0675,0.623,0.0,0.102,0.418,134.093
4fbvXwMTXPWaFyaMWUm9CR,Holocene,Bon Iver,0.375,0.304,1.0,-14.52,1.0,0.0302,0.943,0.303,0.126,0.147,147.989
2qxmye6gAegTMjLKEBoR3d,Let Me Down Slowly,Alec Benjamin,0.652,0.557,1.0,-5.714,0.0,0.0318,0.74,0.0,0.124,0.483,150.073
4a5zacCsHLtMC2mcxkqWwn,Sad Forever,Lauv,0.527,0.538,5.0,-7.434,1.0,0.104,0.468,0.0,0.0825,0.389,117.319
1PfUKiMDKIlPEF9FfdJawc,hope is a dangerous thing for a woman like me to have - but I have it,Lana Del Rey,0.492,0.144,7.0,-10.125,1.0,0.0708,0.965,1.84e-06,0.161,0.274,164.839
1zgqnWSVmdM9HiN2u5zInf,Don't Check On Me (feat. Justin Bieber & Ink),Chris Brown,0.66,0.395,7.0,-5.242,1.0,0.0333,0.873,0.0,0.112,0.678,81.997
5CRXf83hn7NVeWEs7rm63m,emotions,iann dior,0.63,0.63,9.0,-6.211,1.0,0.0395,0.0131,0.0,0.142,0.163,80.512
72pv4E0eBIcE9z8V4tPHui,Moonlight,Ali Gatie,0.804,0.479,11.0,-6.661,1.0,0.0321,0.494,0.0,0.0994,0.462,120.0
18UsAG7SfOQ5sxJEdjAMH0,Be My Mistake,The 1975,0.572,0.155,6.0,-14.405,1.0,0.0344,0.835,0.000137,0.0906,0.0949,109.923
6Kkt27YmFyIFrcX3QXFi2o,Liability,Lorde,0.587,0.229,10.0,-11.254,0.0,0.128,0.92,0.0,0.1,0.379,75.67
5bJ1DrEM4hNCafcDd1oxHx,Self Care,Mac Miller,0.52,0.538,1.0,-8.109,1.0,0.206,0.367,0.00187,0.119,0.177,141.894
2jm0S3dMxpAz5H59z4lOJH,Thoughts,Sasha Sloan,0.685,0.464,7.0,-9.931,1.0,0.0579,0.138,3.97e-05,0.111,0.0559,90.011
3MIMKvXfK4bqkJ2wteG5Jq,The Subway Song,Delacey,0.58,0.662,0.0,-6.208,1.0,0.0594,0.124,0.000139,0.138,0.403,108.048
1DUSuNhF8P5vUGNPpQiZa5,My Bad,Khalid,0.645,0.568,5.0,-9.127,0.0,0.0823,0.543,0.266,0.257,0.391,84.999
5FXVrJhAOEEGhV6UonjE9N,7 Minutes,Dean Lewis,0.613,0.739,10.0,-6.478,1.0,0.0311,0.526,0.0,0.149,0.712,104.966
4X2caEGywKxXKGImqNkBmt,If You're Gonna Lie,FLETCHER,0.671,0.763,8.0,-5.877,1.0,0.305,0.607,2.16e-05,0.495,0.469,149.87
0fNK8zD8S2douor2RMw6LW,Heart Hope,Oh Wonder,0.385,0.371,8.0,-13.365,1.0,0.0504,0.941,0.0445,0.108,0.0796,122.177
3rTnGUeDrnZV22DvRuUuXr,Wait,M83,0.437,0.229,2.0,-10.514,1.0,0.0308,0.221,0.0599,0.0935,0.0754,147.911
6Vigp41BietH0WoFZ52JI5,All We Do,Oh Wonder,0.59,0.242,10.0,-11.724,0.0,0.0516,0.978,0.000124,0.0906,0.366,126.721
4hjbxjZpJ8H6qRCzDOGI0M,Sick of Losing Soulmates,dodie,0.478,0.241,2.0,-17.122,1.0,0.0386,0.716,0.216,0.354,0.11,75.285
